,video_id,video_title,upload_date,view_count,like_count,comment_count
0,RmQ5f5YQn58,"–ú–∞—Ä–≥–∏–Ω–∞–ª, –ê–Ω—Ç–æ–Ω –í–•–° –∏ –°–∏–ª–µ–Ω—Ç–∏—É–º —Å–æ–≤–µ—Ç—É—é—Ç —Ñ–∏–ª—å–º—ã",2022-02-09,12223,629,74
1,ugaF4kqTA58,–ú–∞—Ä–≥–∏–Ω–∞–ª –∏ –ö–∞—à–∏–Ω –ø—Ä–æ —Å–∏—Ç—É–∞—Ü–∏–∏ –Ω–∞ –£–∫—Ä–∞–∏–Ω–µ –∏ –≤ –ö–∞–∑–∞—Ö—Å—Ç–∞–Ω–µ,2022-02-07,22325,929,402
2,AWCv-fm0a4o,–ú–∞—Ä–≥–∏–Ω–∞–ª –ø—Ä–æ –ø—Ä–æ—Ç–∏–≤–æ—Å—Ç–æ—è–Ω–∏–µ –†–æ—Å—Å–∏–∏ –∏ –£–∫—Ä–∞–∏–Ω—ã,2022-02-06,57659,2494,1180
3,JpyNNA7v0OM,–ú–∞—Ä–≥–∏–Ω–∞–ª –∑–∞—â–∏—â–∞–µ—Ç –∞–º–µ—Ä–∏–∫–∞–Ω—Å–∫–∏—Ö –¥–µ—Ä–µ–≤–µ–Ω—â–∏–Ω –æ—Ç –ª–µ–≤–æ–π –ø—Ä–æ–ø–∞–≥–∞–Ω–¥—ã,2022-02-04,50879,2376,351
4,M2gSiQW4epo,–ü—Ä–æ–≥—Ä–∞–º–º–∏—Å—Ç –∏–∑ –ö–∞–Ω–∞–¥—ã –≤ –≥–æ—Å—Ç—è—Ö —É –ú–∞—Ä–≥–∏–Ω–∞–ª–∞,2022-02-02,19397,951,302
5,_7UYWjxlBUw,–ú–∞—Ä–≥–∏–Ω–∞–ª —Å–ø–æ—Ä–∏—Ç —Å–æ –°–≤–µ—Ç–æ–≤—ã–º –ø—Ä–æ –≥—Ä–∞–∂–¥–∞–Ω—Å–∫–∏–µ –ø—Ä–∞–≤–∞,2022-01-30,44852,1765,353
6,tualeo6x6ro,–ú–∞—Ä–≥–∏–Ω–∞–ª –ø—Ä–æ —Ä–µ–∫–ª–∞–º—É –Ω–∞ —Å–≤–æ–∏—Ö —Ä–µ—Å—É—Ä—Å–∞—Ö,2022-01-28,29643,1074,173
7,OOV1foErSFo,–ú–∞—Ä–≥–∏–Ω–∞–ª —Å–º–æ—Ç—Ä–∏—Ç –ø—Ä–æ –∞–º–µ—Ä–∏–∫–∞–Ω—Å–∫—É—é –∫—É–ª—å—Ç—É—Ä—É,2022-01-26,69417,2836,398
8,ldJ6-TjaPWg,–ú–∞—Ä–≥–∏–Ω–∞–ª —É—á–∏—Ç LGBT+ —Ñ–ª–∞–≥–∏,2022-01-24,30903,1070,224
9,xRIBblABwZY,–ú–∞—Ä–≥–∏–Ω–∞–ª –ø—Ä–æ –±—Ä–∏—Ç–∞–Ω—Å–∫–∏–µ —Å–µ—Ä–∏–∞–ª—ã,2022-01-21,31543,1034,173
10,YHNS6so5hM8,–ú–∞—Ä–≥–∏–Ω–∞–ª —Å–º–æ—Ç—Ä–∏—Ç –°–∫—å—ë–ª–¥–∞ –ø—Ä–æ –õ–æ–∫–∏,2022-01-16,52312,1672,204
11,4YIeWdOMQLw,–ú–∞—Ä–≥–∏–Ω–∞–ª –∏ –ö–∞—Ä–≥–∏–Ω –ø–æ–¥–≤–æ–¥—è—Ç –∏—Ç–æ–≥–∏ 2021 –≥–æ–¥–∞,2022-01-11,21811,698,119
12,70NGTM0mpo4,–ú–∞—Ä–≥–∏–Ω–∞–ª –∏ –ó–≤–æ–Ω–æ–≤ —Å–ø–æ—Ä—è—Ç –ø—Ä–æ –º–∞—Ç–µ—Ä–∏—é –∏ –∏–¥–µ—é,2022-01-07,31252,1332,411
13,phbOX1IYVaw,–ú–∞—Ä–≥–∏–Ω–∞–ª –ø—Ä–æ —Ñ–µ–π–∫–æ–≤–æ–µ –≤–µ–ª–∏—á–∏–µ –ö–∏—Ç–∞—è,2022-01-05,67550,2722,551
14,UyrvMBUBjSA,–ú–∞—Ä–≥–∏–Ω–∞–ª –æ—Ç–≤–µ—á–∞–µ—Ç –Ω–∞ –æ—á–µ—Ä–µ–¥–Ω—É—é –∫—Ä–∏—Ç–∏–∫—É —Å–≤–æ–µ–π –ø–æ–∑–∏—Ü–∏–∏ –ø—Ä–æ –∞–±–æ—Ä—Ç—ã,2022-01-03,48282,2082,607
15,Ge0ecI5wz4A,–ú–∞—Ä–≥–∏–Ω–∞–ª —Å–º–æ—Ç—Ä–∏—Ç –æ–±–∑–æ—Ä –Ω–∞ –ß–∞—Å –æ–±–æ—Ä–æ—Ç–Ω—è,2021-12-29,29564,1386,86
16,vtXHyM-46lQ,–ú–∞—Ä–≥–∏–Ω–∞–ª —Å—É–¥–∏—Ç –¥–µ–±–∞—Ç—ã –ø—Ä–æ –≤–æ–∏–Ω—Å–∫—É—é –ø–æ–≤–∏–Ω–Ω–æ—Å—Ç—å,2021-12-27,45169,1850,470
17,jgF62UmIEMY,–ú–∞—Ä–≥–∏–Ω–∞–ª —Å–ø–æ—Ä–∏—Ç –ø—Ä–æ –∂–∏–∑–Ω—å –≤ –°–®–ê,2021-12-25,91406,2560,466
18,hOkW_S2cJPk,–ú–∞—Ä–≥–∏–Ω–∞–ª –ø—Ä–æ —Ä–∞–±–æ—Ç—É –Ω–∞ –¥—è–¥—é,2021-12-24,58541,2282,628
19,PCVlza91_oI,–ú–∞—Ä–≥–∏–Ω–∞–ª –∫—Ä–∏—Ç–∏–∫—É–µ—Ç —Ç–µ–π–∫–∏ –ö—Ä–∞—Å–æ–≤—Å–∫–æ–≥–æ –æ –ø—ã—Ç–∫–∞—Ö –≤ —Ç—é—Ä—å–º–∞—Ö,2021-12-22,50396,2112,286
20,-DdGQwVSkC0,–ú–∞—Ä–≥–∏–Ω–∞–ª –±–µ—Å–µ–¥—É–µ—Ç —Å –£–ø–æ—Ä–æ—Ç—ã–º –ü–∞–ª–µ–æ–Ω—Ç–æ–ª–æ–≥–æ–º,2021-12-20,63139,2556,269
21,YOCT0vGRJF0,–ú—ç–¥–¥–∏—Å–æ–Ω –≤ –≥–æ—Å—Ç—è—Ö —É –ú–∞—Ä–≥–∏–Ω–∞–ª–∞,2021-12-18,77192,2992,206
22,Yuy9xjkLghg,–ú–∞—Ä–≥–∏–Ω–∞–ª –±–æ–º–±–∏—Ç –Ω–∞ –∫–∏–Ω–æ—Ç–µ–æ—Ä–∏—é –ß–ë–£,2021-12-17,52824,2185,482
23,EPUDd1dtd68,–ë–æ—Ä–∏—Å –ë—É—Ä–¥–∞ –≤ –≥–æ—Å—Ç—è—Ö —É –ú–∞—Ä–≥–∏–Ω–∞–ª–∞ –∏ –ö–∞—Ä–≥–∏–Ω–∞,2021-12-15,35437,1517,293
24,MJJabqLu9Gc,–ú–∞—Ä–≥–∏–Ω–∞–ª —Å–º–æ—Ç—Ä–∏—Ç –ø—Ä–æ —Ñ–∏–ª—å–º—ã —Å –î–ù–ö –ß—É–∂–æ–≥–æ,2021-12-13,24101,842,57
25,g4bXNk9jOOA,–ú–∞—Ä–≥–∏–Ω–∞–ª –∫—Ä–∏—Ç–∏–∫—É–µ—Ç –ë—ã–∫–æ–≤–∞ –∑–∞ —Ç—Ä–∞–∫—Ç–æ–≤–∫—É –í–∏—Ç–≥–µ–Ω—à—Ç–µ–π–Ω–∞,2021-12-11,36570,1048,128
26,VSe-8EppOlE,–ú–∞—Ä–≥–∏–Ω–∞–ª –±–æ–º–±–∏—Ç –æ—Ç –∏–Ω—Ç–µ—Ä–≤—å—é –ö—Ä–∞—Å–æ–≤—Å–∫–æ–≥–æ —Å –æ–¥–µ—Ä–∂–∏–º–æ–π,2021-12-10,75234,2029,452
27,itY1iK9dcz8,–ú–∞—Ä–≥–∏–Ω–∞–ª –Ω–∞—à—ë–ª –Ω–æ–≤–æ–≥–æ –≥–æ–¥–Ω–æ–≥–æ –∫–∏–Ω–æ–±–ª–æ–≥–µ—Ä–∞,2021-12-08,47034,1958,157
28,4Fer1fLySro,–ú–∞—Ä–≥–∏–Ω–∞–ª –∏ –õ–µ–∫—Å –ö—Ä–∞–≤–µ—Ü–∫–∏–π –ø—Ä–æ —ç–∫–æ–Ω–æ–º–∏–∫—É –∏ –ø–æ–ª–∏—Ç–∏–∫—É,2021-12-06,19722,912,142
29,rgegwELQY_A,–ú–∞—Ä–≥–∏–Ω–∞–ª –∫—Ä–∏—Ç–∏–∫—É–µ—Ç —Ä–æ–ª–∏–∫ –¢—É–±—É—Å–∞ –ø—Ä–æ —Ä—É—Å—Å–∫–∏–π —è–∑—ã–∫,2021-12-05,52739,1800,342
30,_Sueg9IZIXg,–ú–∞—Ä–≥–∏–Ω–∞–ª –≤–Ω–æ–≤—å —Ä–æ—Ñ–ª–∏—Ç —Å –ë—ç–±—ç–µ–º,2021-12-03,34796,1972,144
31,dTk-DG8z5mQ,–ú–∞—Ä–≥–∏–Ω–∞–ª —Å–º–æ—Ç—Ä–∏—Ç –§–ª–∏–Ω–Ω–∞ –ø—Ä–æ –∞–Ω–∞–ª–æ–≥–æ–≤—ã–π —Ö–æ—Ä—Ä–æ—Ä,2021-12-02,26313,1268,99
32,f0bMp8j5z7M,–ú–∞—Ä–≥–∏–Ω–∞–ª —Å—É–¥–∏—Ç –¥–µ–±–∞—Ç—ã –ø—Ä–æ –≤–ª–∞–¥–µ–Ω–∏–µ –æ–≥–Ω–µ—Å—Ç—Ä–µ–ª—å–Ω—ã–º –æ—Ä—É–∂–∏–µ–º –∏ —Å–∞–º–æ–±–æ—Ä–æ–Ω—É,2021-12-01,56254,2695,380
33,YPYKT6SaRsY,–ú–∞—Ä–≥–∏–Ω–∞–ª —Å–º–æ—Ç—Ä–∏—Ç –ø—É–ø—ã #10,2021-11-30,53755,2381,101
34,EPNl3lsBGgA,–ú–∞—Ä–≥–∏–Ω–∞–ª –ø—Ä–æ —Å—É–¥ –Ω–∞–¥ –†–∏—Ç—Ç–µ–Ω—Ö–∞—É—Å–æ–º,2021-11-29,39283,2026,203
35,rwfY-yLoFog,–°–≤–µ—Ç–ª–∞–Ω–∞ –ë—É—Ä–ª–∞–∫ –≤ –≥–æ—Å—Ç—è—Ö —É –ú–∞—Ä–≥–∏–Ω–∞–ª–∞ –∏ –ú–æ—Ä–≥–æ—Ç–∞,2021-11-28,32736,1592,174
36,oAT4YFTojyc,–ú–∞—Ä–≥–∏–Ω–∞–ª —É–≥–∞—Ä–∞–µ—Ç –Ω–∞–¥ –∫–æ–Ω—Ñ–ª–∏–∫—Ç–æ–º –°—Ç–∞—Å–∞ –∏ –ï–≥–æ—Ä–∞ –ü–æ—Ç–∞–ø–µ–Ω–∫–æ,2021-11-27,90027,3479,587
37,oR7i0gntaeI,"–ú–∞—Ä–≥–∏–Ω–∞–ª, –õ–µ–≤–∏–Ω –∏ –õ–µ–º–∞–Ω —Ä–∞–∑–±–∏—Ä–∞—é—Ç –≤–∑–≥–ª—è–¥—ã —Å–æ–≤—Ä–µ–º–µ–Ω–Ω—ã—Ö —Ñ–∏–ª–æ—Å–æ—Ñ–æ–≤",2021-11-26,22372,740,94
38,ZLGtLBmWNqA,–ú–∞—Ä–≥–∏–Ω–∞–ª –ø—Ä–æ –æ–±—Ä–µ—á—ë–Ω–Ω–æ—Å—Ç—å –µ–≤—Ä–æ–ø–µ–π—Ü–µ–≤ –∏ —É—Ö–æ–¥ –≤ –ª–µ—Å,2021-11-24,62814,2387,444
39,FNpsQZEHEAA,–ú–∞—Ä–≥–∏–Ω–∞–ª —Å–º–æ—Ç—Ä–∏—Ç –ø—Ä–æ –º–∞–Ω—å—è–∫–æ–≤ –≤ –†–æ—Å—Å–∏–∏,2021-11-23,37182,1722,167
40,R9-Q4y5Zir0,–ú–∞—Ä–≥–∏–Ω–∞–ª –ø—Ä–æ —Ä–µ—Å–µ–Ω—Ç–∏–º–µ–Ω—Ç –º–∞–ª—ã—Ö –Ω–∞—Ä–æ–¥–æ–≤,2021-11-22,29640,1237,457
41,0VBU0Mmtp5M,–ú–∞—Ä–≥–∏–Ω–∞–ª —Å–º–æ—Ç—Ä–∏—Ç –ø—Ä–æ –∫–∞—Ä—å–µ—Ä—É –†–æ–±–∞ –®–Ω–∞–π–¥–µ—Ä–∞,2021-11-21,23390,903,73
42,cxsfD3V_-rI,–ú–∞—Ä–≥–∏–Ω–∞–ª —Å–ø–æ—Ä–∏—Ç –ø—Ä–æ –∏—Å–ª–∞–º –∏ –∞—Ä–∞–±–æ–≤,2021-11-20,56217,2203,379
43,H3uPHYTecUw,–ú–∞—Ä–≥–∏–Ω–∞–ª —Å–º–æ—Ç—Ä–∏—Ç –ø—Ä–æ –∫–∞—Ä—å–µ—Ä—É –ú—ç–ª–∞ –ì–∏–±—Å–æ–Ω–∞,2021-11-19,34786,1256,122
44,rv3SaKhKptk,"–ú–∞—Ä–≥–∏–Ω–∞–ª, –°–∞—Ä–º–∞—Ç –∏ –ê–ª–∏–ø–æ–≤ –ø—Ä–æ —Å–æ–∑–Ω–∞–Ω–∏–µ",2021-11-18,15253,551,53
45,3XiSMTUoOe8,–ú–∞—Ä–≥–∏–Ω–∞–ª –ø—Ä–æ —Å–≤–æ–π –æ–ø—ã—Ç —É–ø–æ—Ç—Ä–µ–±–ª–µ–Ω–∏—è —Ç—Ä–∞–≤—ã,2021-11-17,36406,1294,212
46,RE3i7gSkRSc,–ú–∞—Ä–≥–∏–Ω–∞–ª —Å–º–æ—Ç—Ä–∏—Ç –ø—Ä–æ —Ñ—Ä–∞–Ω—à–∏–∑—É –ö–æ—à–º–∞—Ä –Ω–∞ —É–ª–∏—Ü–µ –í—è–∑–æ–≤,2021-11-15,29313,1189,105
47,3ZUOURZ3LqY,–ú–∞—Ä–≥–∏–Ω–∞–ª —Ä–∞–∑—Ä–µ—à–∏–ª –ø–∞—Ä–∞–¥–æ–∫—Å –≤—Å–µ–º–æ–≥—É—â–µ—Å—Ç–≤–∞ | –ë–æ–≥ –∏ –Ω–µ–ø–æ–¥—ä—ë–º–Ω—ã–π –∫–∞–º–µ–Ω—å,2021-11-14,34816,1558,462
48,UAla4Yae2WM,–ú–∞—Ä–≥–∏–Ω–∞–ª –ø—Ä–æ —Å–≤–æ–±–æ–¥—É —Å–ª–æ–≤–∞ –∏ –•–æ–≤–∞–Ω—Å–∫–æ–≥–æ,2021-11-13,49987,2071,570
49,e4VMDwnMqKI,–ú–∞—Ä–≥–∏–Ω–∞–ª –æ—Ü–µ–Ω–∏–≤–∞–µ—Ç –ø–æ–¥–±–æ—Ä–∫—É –•—ç–ª–ª–æ—É–∏–Ω —Ñ–∏–ª—å–º–æ–≤ –æ—Ç –î–æ–ª–∏–Ω–∞,2021-11-12,30560,1086,157
53,TAL0Tr_Fc3s,–ú–∞—Ä–≥–∏–Ω–∞–ª –¥–∞—ë—Ç —Å–æ–≤–µ—Ç—ã –Ω–∞—á–∏–Ω–∞—é—â–∏–º —é—Ç—É–±–µ—Ä–∞–º,2021-11-10,27547,1160,217
54,g28Mv2sHRZQ,–ú–∞—Ä–≥–∏–Ω–∞–ª –ø—Ä–æ —Ñ–∏–ª—å–º—ã –†–∏—Ç—É–∞–ª –∏ –ù–∏–∫—Ç–æ –Ω–µ —É–π–¥—ë—Ç –∂–∏–≤—ã–º,2021-11-09,22315,753,75
55,Zuw7KtpGEAY,–ú–∞—Ä–≥–∏–Ω–∞–ª —Å–ø–æ—Ä–∏—Ç —Å –°–∞—Ä–º–∞—Ç–æ–º –ø—Ä–æ –∞—Ç–µ–∏–∑–º,2021-11-08,35790,1684,318
56,6braTwfD2mU,–ú–∞—Ä–≥–∏–Ω–∞–ª –∂–µ—Å—Ç–∫–æ –ø—Ä–æ —Ç–æ–ø —Å—Ç—Ä–∏–º–µ—Ä–æ–≤,2021-11-07,51989,1778,253
57,xf4QkvfX0j0,–ú–∞—Ä–≥–∏–Ω–∞–ª –∏ –ë–æ—è—Ä—à–∏–Ω–æ–≤ –±–µ—Å–µ–¥—É—é—Ç –Ω–∞ —Ç–µ–º—É –∞–Ω—Ç—Ä–æ–ø–æ–ª–æ–≥–∏–∏,2021-11-06,32242,1517,173
58,c7lTiWmmVuE,–ú–∞—Ä–≥–∏–Ω–∞–ª –±–æ–º–±–∏—Ç –Ω–∞ –ø–æ—Å—Ç—Ö–æ—Ä—Ä–æ—Ä—ã,2021-11-05,40515,1376,207
59,giceaD3T8dM,–ú–∞—Ä–≥–∏–Ω–∞–ª —Å–º–æ—Ç—Ä–∏—Ç –ö—É–ª—å—Ç–∞—Å–∞ –ø—Ä–æ –°—Ç–∞—Å–∞ –∏ –®–µ–≤—Ü–æ–≤–∞,2021-11-04,41625,1943,224
60,tvPttG7G5C0,–ß–∏–±–∏—Å–æ–≤ –ø—Ä–æ —Ñ–æ—Ä–º–∞–ª–∏–∑–∞—Ü–∏—é –ø—Å–∏—Ö–æ–∞–Ω–∞–ª–∏–∑–∞,2021-11-03,13924,616,67
61,JrOHtFfJ38E,–ú–∞—Ä–≥–∏–Ω–∞–ª —É–≥–∞—Ä–∞–µ—Ç —Å –≤—ã–ø—É—Å–∫–∞ ProPolice,2021-11-02,35440,2152,177
62,ZiBLefz2ito,–ú–∞—Ä–≥–∏–Ω–∞–ª –∏ –ú–∞–ª–µ–∫ –î—É–¥–∞–∫–æ–≤ –ø—Ä–æ –ø–æ–ª–∏—Ç–∏–∫—É –°–®–ê,2021-11-01,26059,1151,99
63,-y1w3uKrZhU,–ú–∞—Ä–≥–∏–Ω–∞–ª –ø—Ä–æ —Ñ–∏–ª–æ—Å–æ—Ñ–∏—é –≥—Ä—É–ø–ø—ã Nirvana,2021-10-30,51043,1853,409
64,CCmiMsHlcQ8,–ú–∞—Ä–≥–∏–Ω–∞–ª –ø—Ä–æ –ø—Ä–∞–∏–Ω–¥–æ–µ–≤—Ä–æ–ø–µ–π—Å–∫–∏–π —è–∑—ã–∫,2021-10-29,14817,612,59
65,uyfCbdRp_wc,–ú–∞—Ä–≥–∏–Ω–∞–ª —Å–º–æ—Ç—Ä–∏—Ç –ø—Ä–æ —Ñ–∏–ª—å–º –®–µ—Å—Ç–æ–µ —á—É–≤—Å—Ç–≤–æ,2021-10-28,22343,1017,66
66,e1ua0p0PQU4,–ú–∞—Ä–≥–∏–Ω–∞–ª –∏ –í–ª–∞–¥–∏–º–∏—Ä –ì–∞—Ä–≤–∞—Ä–¥ –û–∫—Å—Ñ–æ—Ä–¥ –ø—Ä–æ –≤—ã—Å—à–µ–µ –æ–±—Ä–∞–∑–æ–≤–∞–Ω–∏–µ –ø–æ —É–¥–∞–ª—ë–Ω–∫–µ,2021-10-27,16206,733,67
67,Qbak7sxTKW4,–ú–∞—Ä–≥–∏–Ω–∞–ª –∏ –°–∞—Ä–º–∞—Ç —Å–ø–æ—Ä—è—Ç –ø—Ä–æ –±–æ—Ä–¥–µ–ª–∏ –∏ –∏–Ω–¥–∏–≤–∏–¥—É–∞–ª–æ–∫,2021-10-26,29762,1094,261
68,M_0u0QQcJ1M,–ú–∞—Ä–≥–∏–Ω–∞–ª —É–≥–∞—Ä–∞–µ—Ç —Å –º—É–ª—å—Ç–∏–∫–∞ –ø—Ä–æ –ì–µ—Ä–∞–∫–ª–∞,2021-10-25,30145,1492,215
69,vLbvCpDWu5w,–ú–∞—Ä–≥–∏–Ω–∞–ª —Å–º–æ—Ç—Ä–∏—Ç –ø—É–ø—ã #9,2021-10-23,89135,3702,173
70,kMofKqKp6d0,–ú–∞—Ä–≥–∏–Ω–∞–ª –∏ –°–∞—Ä–º–∞—Ç —Å–ø–æ—Ä—è—Ç –ø—Ä–æ –∫–∞–ø–∏—Ç–∞–ª–∏–∑–º,2021-10-22,61713,2335,480
71,-Lgi4kYtWzo,–ú–∞—Ä–≥–∏–Ω–∞–ª –∏ –í–ª–∞–¥ —Å –∫–∞–Ω–∞–ª–∞ Right History –ø—Ä–æ –†–ò –∏ –°–°–°–†,2021-10-21,25083,1272,273
72,O1se1HU4Ci4,–ú–∞—Ä–≥–∏–Ω–∞–ª –≤–Ω–æ–≤—å –ø—Ä–æ –∑–∞–ø–ª–∞–Ω–∏—Ä–æ–≤–∞–Ω–Ω–æ–µ —É—Å—Ç–∞—Ä–µ–≤–∞–Ω–∏–µ,2021-10-20,27563,1095,217
73,SQmJ7g3w6ZA,–ú–∞—Ä–≥–∏–Ω–∞–ª —Å–º–æ—Ç—Ä–∏—Ç –æ—Ü–µ–Ω–∫–∏ –Ω–∞ –ü–∞–Ω–∏—à–µ—Ä–∞ –∏ –ñ–º–∏–ª–µ–≤—Å–∫–æ–≥–æ –≤ —á–∞—Ç —Ä—É–ª–µ—Ç–∫–µ,2021-10-19,25132,1153,350
74,D57q9zmr4KQ,–ú–∞—Ä–≥–∏–Ω–∞–ª –ø—Ä–æ –≤–∞–∂–Ω–æ—Å—Ç—å –∑–Ω–∞–∫–æ–º—Å—Ç–≤ –¥–ª—è —Ä–∞–±–æ—Ç—ã –∏ –±–∏–∑–Ω–µ—Å–∞,2021-10-18,25589,1414,268
75,DeXxm1yQvbA,–ú–∞—Ä–≥–∏–Ω–∞–ª —Å—É–¥–∏—Ç —Å–ø–æ—Ä –ø—Ä–æ —Ç—Ä–∞–Ω—Å–≥—É–º–∞–Ω–∏–∑–º –∏ —É–∂–∞—Å–Ω–æ–µ –±—É–¥—É—â–µ–µ,2021-10-17,58680,2528,493
76,KlARiDOC1Cc,–ú–∞—Ä–≥–∏–Ω–∞–ª –∫–æ–º–º–µ–Ω—Ç–∏—Ä—É–µ—Ç –ª–µ–∫—Ü–∏—é –ø–æ –º–∞—Ä–∫—Å–∏–∑–º—É,2021-10-16,35736,1031,126
77,k0SAPrdS29E,–ú–∞—Ä–≥–∏–Ω–∞–ª –ø—Ä–æ —Å–≤–æ—é –¥–µ–ø—Ä–µ—Å—Å–∏—é –∏ –ª–µ–Ω—å,2021-10-15,83841,3866,699
78,IxaIO0lmKNc,–ú–∞—Ä–≥–∏–Ω–∞–ª —Å–º–æ—Ç—Ä–∏—Ç –∫—Ä–∏—Ç–∏–∫—É –°—Ç–∞—Å–∞ –Ω–∞ –®–µ–≤—Ü–æ–≤–∞,2021-10-14,126545,3445,800
79,NAPWCf8T1Vc,"–ú–∞—Ä–≥–∏–Ω–∞–ª –¥–æ–≥–æ–≤–æ—Ä–∏–ª—Å—è, —á—Ç–æ –∞—Ç–µ–∏—Å—Ç–æ–≤ –Ω–µ —Å—É—â–µ—Å—Ç–≤—É–µ—Ç",2021-10-13,23566,1200,291
80,TsbU4zF2J84,–ú–∞—Ä–≥–∏–Ω–∞–ª –ø–æ—è—Å–Ω–∏–ª –∑–∞ —Å–≤–æ—é –∞–Ω—Ç–∏—Ñ–∏–ª–æ—Å–æ—Ñ—Å–∫—É—é –ø–æ–∑–∏—Ü–∏—é,2021-10-12,27997,1425,105
81,74LoUBLot8s,–ú–∞—Ä–≥–∏–Ω–∞–ª —É–≥–∞—Ä–∞–µ—Ç —Å —Ä—É—Å—Å–∫–æ–π –ª–æ–∫–∞–ª–∏–∑–∞—Ü–∏–∏ –†–µ–π–Ω–¥–∂–µ—Ä–æ–≤,2021-10-11,34014,2828,154
82,LOz2AMNjM2Q,–ú–∞—Ä–≥–∏–Ω–∞–ª —Å—É–¥–∏—Ç –¥–µ–±–∞—Ç—ã –∑–∞ –ø—Ä–∞–≤–∞ –ª–≥–±—Ç,2021-10-09,56925,1859,308
83,CES04U8njD0,–ú–∞—Ä–≥–∏–Ω–∞–ª –ø–æ—è—Å–Ω—è–µ—Ç –î—Ä–æ–±—ã—à–µ–≤—Å–∫–æ–º—É –∑–∞ –≥–µ–µ–≤,2021-10-08,46117,1671,523
84,GLtTakMoP5w,–ú–∞—Ä–≥–∏–Ω–∞–ª –∂–µ—Å—Ç–∫–æ –ø—Ä–æ —Ä—ç–ø,2021-10-07,52565,2243,414
85,b1g0WHtUwgg,–ú–∞—Ä–≥–∏–Ω–∞–ª —Å–º–æ—Ç—Ä–∏—Ç –ø—Ä–æ —Å–µ–∫—Å –≤ –†–æ—Å—Å–∏–π—Å–∫–æ–π –∏–º–ø–µ—Ä–∏–∏ –∏ –°–®–ê,2021-10-06,27109,1229,134
86,z4p-AewI-QM,–ú–∞—Ä–≥–∏–Ω–∞–ª —Å–º–æ—Ç—Ä–∏—Ç –°—ë–º–∏–Ω–∞ –ø—Ä–æ —à–∫–æ–ª—å–Ω–æ–µ –æ–±—Ä–∞–∑–æ–≤–∞–Ω–∏–µ –≤ –°–®–ê,2021-10-05,46144,2087,190
87,S98_2wpE4oA,–ú–∞—Ä–≥–∏–Ω–∞–ª –ø—Ä–æ –≤–µ—Ä—É –∏ —Ç—Ä–∞–¥–∏—Ü–∏–æ–Ω–∞–ª–∏–∑–º,2021-10-04,61048,1855,198
88,OSpGK3S6m_M,–ú–∞—Ä–≥–∏–Ω–∞–ª —Å–º–æ—Ç—Ä–∏—Ç –°–≤–æ–π/–ß—É–∂–æ–π –ø—Ä–æ –Ω–∞—Ü–∏–æ–Ω–∞–ª–∏–∑–º,2021-10-02,35165,1554,230
89,uUp8KkRLIV8,–ú–∞—Ä–≥–∏–Ω–∞–ª –ø—Ä–æ –∑–∞–ø–ª–∞–Ω–∏—Ä–æ–≤–∞–Ω–Ω–æ–µ —Å—Ç–∞—Ä–µ–Ω–∏–µ –≤ –∏–Ω–¥—É—Å—Ç—Ä–∏–∞–ª—å–Ω–æ–º –æ–±—â–µ—Å—Ç–≤–µ,2021-10-01,31190,1323,428
90,VSSJ12UbfOc,–ú–∞—Ä–≥–∏–Ω–∞–ª —Å–ø–æ—Ä–∏—Ç –ø—Ä–æ chad –æ—Ö–æ—Ç–Ω–∏–∫–æ–≤ –∏ virgin –∑–µ–º–ª–µ–¥–µ–ª—å—Ü–µ–≤,2021-09-30,31939,1456,417
91,jjD4RMn3cSE,–ú–∞—Ä–≥–∏–Ω–∞–ª –∏ –ê–≤–∏–≥–¥–æ—Ä –≠—Å–∫–∏–Ω –ø—Ä–æ –ú–∏—Ä–æ–≤–æ–µ –µ–≤—Ä–µ–π—Å—Ç–≤–æ,2021-09-29,16345,712,136
92,KbLKCKYQ2Hg,–ú–∞—Ä–≥–∏–Ω–∞–ª —Å–º–æ—Ç—Ä–∏—Ç –æ—Ü–µ–Ω–∫–∏ –≤–Ω–µ—à–Ω–æ—Å—Ç–∏ –°—Ç–∞—Å–∞ –≤ —á–∞—Ç —Ä—É–ª–µ—Ç–∫–µ,2021-09-28,33610,2326,137
93,4kuU5NNU8Dk,–ú–∞—Ä–≥–∏–Ω–∞–ª –∏ –ê–≤–∏–≥–¥–æ—Ä –≠—Å–∫–∏–Ω –ø—Ä–æ 11 —Å–µ–Ω—Ç—è–±—Ä—è –∏ –±–æ—Ä—å–±—É —Å —Ç–µ—Ä—Ä–æ—Ä–∏–∑–º–æ–º,2021-09-27,27509,1101,156
94,1SgkVYkrnvc,–ú–∞—Ä–≥–∏–Ω–∞–ª —Å–º–æ—Ç—Ä–∏—Ç –ø—É–ø—ã #8,2021-09-26,69821,3030,120
95,yUl17-Gs5VI,–ú–∞—Ä–≥–∏–Ω–∞–ª –ø—Ä–æ —Å–≤–∏–¥–µ—Ç–µ–ª–µ–π –ø–æ–≤–µ—Å—Ç–æ—á–∫–∏,2021-09-25,42328,1563,490
96,WWSkj5hhvPo,–ú–∞—Ä–≥–∏–Ω–∞–ª —Å–º–æ—Ç—Ä–∏—Ç –ø—Ä–æ –¥–µ—Ä–µ–≤–Ω—é –Ω–∞—Ü–∏—Å—Ç–æ–≤ –≤ –ì–µ—Ä–º–∞–Ω–∏–∏,2021-09-24,50412,2364,413
97,Itvz35F2vl0,–ú–∞—Ä–≥–∏–Ω–∞–ª —Å–º–æ—Ç—Ä–∏—Ç –ø—Ä–æ –í–∞–ª—å—Ö–∞–ª–ª—É,2021-09-23,24388,1036,191
98,4jRH2WNRzMw,–ú–∞—Ä–≥–∏–Ω–∞–ª –ø—Ä–æ –¥–æ–Ω–æ—Å–∏—Ç–µ–ª—å—Å—Ç–≤–æ,2021-09-22,32967,1455,232
99,EvKPvhCODck,–ú–∞—Ä–≥–∏–Ω–∞–ª —Å–º–æ—Ç—Ä–∏—Ç –ø—Ä–æ –≥–µ—Ä—É–Ω–¥–∏–π (-ing),2021-09-21,16189,943,78
100,byqugIT9vtk,–ú–∞—Ä–≥–∏–Ω–∞–ª —Å–º–æ—Ç—Ä–∏—Ç —Ä–∞–∑–æ–±–ª–∞—á–µ–Ω–∏–µ —ç–∫—Å–ø–µ—Ä–∏–º–µ–Ω—Ç–∞ –õ–∏–±–µ—Ç–∞ –ø—Ä–æ –º–æ–∑–≥ –∏ —Å–æ–∑–Ω–∞–Ω–∏–µ,2021-09-19,55228,2187,300
101,pAx5AsFYCho,–ú–∞—Ä–≥–∏–Ω–∞–ª —Å–º–æ—Ç—Ä–∏—Ç –ü–æ–Ω–∞—Å–µ–Ω–∫–æ–≤–∞ –∏ –ò–≤–∞–Ω–æ–≤–∞ –ø—Ä–æ –º–∏—Ñ—ã,2021-09-18,38600,1222,66
102,dtOeG7_wngA,–ú–∞—Ä–≥–∏–Ω–∞–ª –ø—Ä–æ –ø–æ–ª–∏—Ç–∏—á–µ—Å–∫–∏–µ –≤–∑–≥–ª—è–¥—ã –±–æ–ª—å—à–∏–Ω—Å—Ç–≤–∞ –ª—é–¥–µ–π,2021-09-17,103838,4436,733
103,JxL5hZEDok4,–ú–∞—Ä–≥–∏–Ω–∞–ª —Å–º–æ—Ç—Ä–∏—Ç –ø—Ä–æ —Ñ–∏–ª—å–º—ã –ø—Ä–æ —ç–ø–∏–¥–µ–º–∏–∏,2021-09-16,39880,1241,82
104,eSddBDef4tI,–ú–∞—Ä–≥–∏–Ω–∞–ª —Å–º–æ—Ç—Ä–∏—Ç –ª—ã—Å–æ–≥–æ –±–∞–Ω–∫—Ä–æ—Ç–∞ –∏ –º–æ–Ω–≥–æ–ª–∞ –Ω–∞ –£–∫—Ä–∞–∏–Ω–µ,2021-09-15,22070,690,229
105,OiiNnaOTkfw,–ú–∞—Ä–≥–∏–Ω–∞–ª —Å–º–æ—Ç—Ä–∏—Ç –≤–∏–¥–æ—Å—ã –ø–æ —Ñ–∏–ª–æ—Å–æ—Ñ–∏–∏: –æ–Ω—Ç–æ–ª–æ–≥–∏—è –∏ –¥–µ–ª–µ–Ω–∏–µ –Ω–∞ —à–∫–æ–ª—ã –º—ã—Å–ª–∏,2021-09-14,24613,872,89
106,TXmU88Ze72w,–ú–∞—Ä–≥–∏–Ω–∞–ª —Å–º–æ—Ç—Ä–∏—Ç –æ—Ü–µ–Ω–∫–∏ –≤–Ω–µ—à–Ω–æ—Å—Ç–∏ –ï–∂–∏ –°–∞—Ä–º–∞—Ç–∞ –≤ —á–∞—Ç —Ä—É–ª–µ—Ç–∫–µ,2021-09-13,26688,1224,131
107,jjoenifTQk8,–ú–∞—Ä–≥–∏–Ω–∞–ª —Å–º–æ—Ç—Ä–∏—Ç –ø—Ä–æ —Ñ–∏–ª—å–º –•–∏—â–Ω–∏–∫ 2,2021-09-12,22686,963,44
108,qwU3zn0bprI,–ú–∞—Ä–≥–∏–Ω–∞–ª –∫—Ä–∏—Ç–∏–∫—É–µ—Ç –æ—á–µ—Ä–µ–¥–Ω–æ–≥–æ –∫–æ–º–º—É–Ω–∏—Å—Ç–∞ –ø—Ä–æ –Ω–µ—Ä–∞–≤–µ–Ω—Å—Ç–≤–æ –ø—Ä–∏ –∫–∞–ø–∏—Ç–∞–ª–∏–∑–º–µ,2021-09-11,86131,2784,269
109,UG3-tXPZDjY,–ú–∞—Ä–≥–∏–Ω–∞–ª —Å–º–æ—Ç—Ä–∏—Ç –∏ —Å–ø–æ—Ä–∏—Ç –ø—Ä–æ –¥–æ–º–∞—à–Ω–µ–µ –æ–±—É—á–µ–Ω–∏–µ,2021-09-10,68077,3198,727
110,ALP6cyr5M7o,–ú–∞—Ä–≥–∏–Ω–∞–ª —Å–º–æ—Ç—Ä–∏—Ç –î–æ–∫–∞ –ø—Ä–æ –û—Ç—Ä—è–¥ –°–∞–º–æ—É–±–∏–π—Ü 2,2021-09-08,32214,1063,186
111,PtG7kpUyPP8,–ú–∞—Ä–≥–∏–Ω–∞–ª —Ä–∞—Å–∫—Ä—ã–ª —Å–≤–æ—é –ø–æ–∑–∏—Ü–∏—é –ø—Ä–æ —Ç–µ—Ö–Ω–∏–∫—É,2021-09-07,42715,1633,582
112,HRuOqr4lJ2M,–ú–∞—Ä–≥–∏–Ω–∞–ª —Å–º–æ—Ç—Ä–∏—Ç –ø—Ä–æ –≤–æ—Å–ø—Ä–∏—è—Ç–∏–µ —Å–ª–æ–≤ –Ω–∞ —Å–ª—É—Ö,2021-09-06,17868,546,108
113,PhGwW7kWKEo,–ú–∞—Ä–≥–∏–Ω–∞–ª –ø—Ä–æ –±—É–¥—É—â–µ–µ –µ–≤—Ä–æ–ø–µ–π—Å–∫–æ–π –∫—É–ª—å—Ç—É—Ä—ã,2021-09-04,55000,2419,801
114,4TXVrWnmDsI,–ú–∞—Ä–≥–∏–Ω–∞–ª –ø—Ä–æ —Å–µ—Ä–∏—é –∏–≥—Ä Dark Souls,2021-09-03,32782,790,458
115,Qq7SSE5P1kA,–ú–∞—Ä–≥–∏–Ω–∞–ª –ø–æ—è—Å–Ω–∏–ª –∑–∞ –∫–æ–Ω—Ç–∏–Ω–µ–Ω—Ç–∞–ª—å–Ω—É—é —Ñ–∏–ª–æ—Å–æ—Ñ–∏—é,2021-09-02,20369,1038,86
116,Ahh22IuICcs,–ú–∞—Ä–≥–∏–Ω–∞–ª –∫—Ä–∏—Ç–∏–∫—É–µ—Ç –≤–∏–¥–µ–æ –ø—Ä–æ –ú–∞—Å–ª–µ–Ω–∏—Ü—É –∏ –ö—Ä–µ—â–µ–Ω–∏–µ –†—É—Å–∏,2021-09-01,57010,2191,252
117,BxrVcPE_LOI,–ú–∞—Ä–≥–∏–Ω–∞–ª –ø—Ä–æ —Å–ø–æ—Å–æ–±—ã –∏–∑—É—á–µ–Ω–∏—è —Ñ–∏–ª–æ—Å–æ—Ñ–∏–∏,2021-08-31,25101,1014,81
118,--C2jjvjOB0,–ú–∞—Ä–≥–∏–Ω–∞–ª —Å–º–æ—Ç—Ä–∏—Ç –ø—Ä–æ –ø–æ–ª–∏—Ç–∏–∫—É –≤ –∞–∫–∞–¥–µ–º–∏—á–µ—Å–∫–æ–π —Å—Ä–µ–¥–µ,2021-08-29,25986,876,122
119,Z1z54ne879c,–ú–∞—Ä–≥–∏–Ω–∞–ª –ø—Ä–æ —Å–∏—Ç—É–∞—Ü–∏—é –≤ –ê—Ñ–≥–∞–Ω–∏—Å—Ç–∞–Ω–µ,2021-08-28,42725,1807,182
120,puWfxOwQOC8,–ú–∞—Ä–≥–∏–Ω–∞–ª —Å–º–æ—Ç—Ä–∏—Ç –ø—Ä–æ –º–æ—Ä—Å–∫—É—é –ø–µ—Ö–æ—Ç—É –°–®–ê,2021-08-27,24119,631,176
121,eOimxfJdSgM,–ú–∞—Ä–≥–∏–Ω–∞–ª —Å–º–æ—Ç—Ä–∏—Ç –ë–∏–≥—É –ï–≥–æ—Ä–æ–≤–∞ –∏ –µ–≥–æ —Ä–∞–∑–æ–±–ª–∞—á–µ–Ω–∏–µ –Ω–∞ –∫—É–∫–ª—ã Monster High,2021-08-25,28323,1595,272
122,d4xvc0aHViM,–ú–∞—Ä–≥–∏–Ω–∞–ª –∏ –ö–∞—à–∏–Ω –æ–±—Å—É–∂–¥–∞—é—Ç –ø–æ–ª–∏—Ç–∏–∫—É,2021-08-24,35950,1452,187
123,qGpjYLZC954,–ú–∞—Ä–≥–∏–Ω–∞–ª —Å–º–æ—Ç—Ä–∏—Ç –ø—É–ø—ã #7,2021-08-23,122511,4114,127
124,cgnhz1AwZxg,–ú–∞—Ä–≥–∏–Ω–∞–ª –≤–∑–ª–µ—Ç–∞–µ—Ç –ø–æ–¥ –∑–≤—É–∫–∏ –∏–∑ –∞–¥–∞,2021-08-22,29475,2557,306
125,z_eXP9-GXd0,–ú–∞—Ä–≥–∏–Ω–∞–ª —Å–º–æ—Ç—Ä–∏—Ç –æ–±–∑–æ—Ä –Ω–∞ —Ñ–∏–ª—å–º –ö—Ä–∏–∫,2021-08-20,31249,1163,130
126,3O-iJkvRe3M,"–ú–∏—Ä–Ω–∞—è –±–µ—Å–µ–¥–∞ –ú–∞—Ä–≥–∏–Ω–∞–ª–∞, –ö–∞—Ä–≥–∏–Ω–∞ –∏ –ê–≤–∏–≥–¥–æ—Ä–∞ –≠—Å–∫–∏–Ω–∞",2021-08-19,18125,780,327
127,ocgAtbFKraI,–ú–∞—Ä–≥–∏–Ω–∞–ª –æ—Ç–≤–µ—á–∞–µ—Ç –Ω–∞ –∫—Ä–∏—Ç–∏–∫—É –≤ —Å–≤–æ–π –∞–¥—Ä–µ—Å,2021-08-18,32052,1521,226
128,dTctunMBTWM,–ú–∞—Ä–≥–∏–Ω–∞–ª —Å–º–æ—Ç—Ä–∏—Ç –ø—Ä–æ —Å–≤–µ—Ä—Ö—á–µ–ª–æ–≤–µ–∫–∞ –≤ –∫–∏–Ω–æ,2021-08-17,39680,1479,186
129,qtFE4RukoF8,–ú–∞—Ä–≥–∏–Ω–∞–ª —Å–º–æ—Ç—Ä–∏—Ç –ø—Ä–æ –¥–≤–æ–π–Ω—ã–µ —Ç–æ—á–∫–∏ –Ω–∞–¥ –≥–ª–∞—Å–Ω—ã–º–∏,2021-08-16,16475,878,49
130,fpawMd5jXQ8,–ú–∞—Ä–≥–∏–Ω–∞–ª —Å–º–æ—Ç—Ä–∏—Ç –ö—Ä–∞—Å–Ω–æ–≥–æ –¶–∏–Ω–∏–∫–∞ –ø—Ä–æ –¶–≤–µ—Ç –∏–∑ –∏–Ω—ã—Ö –º–∏—Ä–æ–≤,2021-08-14,89631,2855,431
131,1dhDttvB7pM,–í–µ–ª–ª–µ—Ä –≤ –≥–æ—Å—Ç—è—Ö —É –ú–∞—Ä–≥–∏–Ω–∞–ª–∞ –∏ –ö–∞—Ä–≥–∏–Ω–∞,2021-08-12,58627,3247,799
132,ldDs6osCeBQ,–ú–∞—Ä–≥–∏–Ω–∞–ª —Å–º–æ—Ç—Ä–∏—Ç –æ–±–∑–æ—Ä –Ω–∞ —Å–æ–≤–µ—Ç—Å–∫–æ–≥–æ –í–ª–∞—Å—Ç–µ–ª–∏–Ω–∞ –∫–æ–ª—å—Ü–∞,2021-08-11,21954,861,67
133,ZdQRn6GXfXM,–ú–∞—Ä–≥–∏–Ω–∞–ª —Å–º–æ—Ç—Ä–∏—Ç –ø—Ä–æ —Ä—É—Å—Å–∫—É—é —Ç–æ—Å–∫—É,2021-08-10,50569,2111,312
134,0d_NPKiLOBY,"–ú–∞—Ä–≥–∏–Ω–∞–ª, –ú—ç–¥–¥–∏—Å–æ–Ω, –í—É–¥—É—à –∏ –§–ª–∏–Ω–Ω –∏–≥—Ä–∞—é—Ç –≤ –°–≤–æ—é –ò–≥—Ä—É",2021-08-07,136540,2975,256
135,VLvwxVcHgPc,–ú–∞—Ä–≥–∏–Ω–∞–ª –∏ –°–≤–µ—Ç–æ–≤ –æ –ø–æ–ª–∏—Ç–∏–∫–µ –∏ –Ω–µ —Ç–æ–ª—å–∫–æ,2021-08-06,74475,2657,466
136,UXz9xmD-vp4,–ú–∞—Ä–≥–∏–Ω–∞–ª —Å–º–æ—Ç—Ä–∏—Ç –ø—Ä–æ –Ω–µ—É–¥–∞—á–Ω—ã–µ —Ñ—ç–Ω—Ç–µ–∑–∏-—Ñ–∏–ª—å–º—ã,2021-08-05,52405,1990,162
137,0QaX4KMjeVQ,–ú–∞—Ä–≥–∏–Ω–∞–ª –ø–æ—è—Å–Ω–∏–ª –∑–∞ –ª–∏–Ω–≥–≤–∏—Å—Ç–∏–∫—É,2021-08-03,17195,906,78
138,mXldnySphog,–ú–∞—Ä–≥–∏–Ω–∞–ª –ø—Ä–æ —Å–≤–æ–π –ø—É—Ç—å –¥–æ–Ω–∞—Ç-—Ñ–∏–ª–æ—Å–æ—Ñ–∞,2021-08-02,32246,1575,219
139,uW5wg-83Zo8,–°–≤–µ—Ç–æ–≤ –∏ –¥–µ–ø—É—Ç–∞—Ç –í–ª–∞—Å–æ–≤ —Å–ø–æ—Ä—è—Ç –æ –¥–µ–ª–µ –•–æ–≤–∞–Ω—Å–∫–æ–≥–æ –∏ —Å—É–¥–µ–±–Ω–æ–π —Å–∏—Å—Ç–µ–º–µ –≤ –†–§ –Ω–∞ —Å—Ç—Ä–∏–º–µ —É –ú–∞—Ä–≥–∏–Ω–∞–ª–∞,2021-08-01,105474,4445,1756
140,z2iasm2Riyw,–ú–∞—Ä–≥–∏–Ω–∞–ª —É–≥–∞—Ä–∞–µ—Ç –Ω–∞–¥ —Å–ª–∞–≤—è–Ω–æ-–∞—Ä–∏–π—Å–∫–∏–º–∏ –ø–∏—Å—å–º–µ–Ω–Ω–æ—Å—Ç—è–º–∏,2021-07-31,181522,6244,392
141,FkcyoV9mg1g,–ú–∞—Ä–≥–∏–Ω–∞–ª —Å–º–æ—Ç—Ä–∏—Ç –ø—Ä–æ —Ñ–∏–ª—å–º—ã –ø–æ –∫–æ–º–∏–∫—Å–∞–º,2021-07-29,49855,1459,217
142,cpbPW6tevdM,–ú–∞—Ä–≥–∏–Ω–∞–ª –∫—Ä–∏–Ω–∂—É–µ—Ç —Å —Ä–æ–¥–Ω–æ–≤–µ—Ä–æ–≤,2021-07-28,53892,1742,347
143,ks1nikbrfbQ,–ú–∞—Ä–≥–∏–Ω–∞–ª—å–Ω–∞—è –ø–æ–ª–∏—Ç–∏—á–µ—Å–∫–∞—è —Ç–µ–æ—Ä–∏—è,2021-07-27,43053,1937,284
144,3fDy6xG4IZg,–ú–∞—Ä–≥–∏–Ω–∞–ª –∏ –°–∞—Ä–º–∞—Ç –ø—Ä–æ –µ–≤—Ä–æ–ø–µ–π—Å–∫–∏–µ —Ä–µ–ª–∏–≥–∏–æ–∑–Ω—ã–µ —Ç—Ä–∞–¥–∏—Ü–∏–∏,2021-07-26,27954,1175,164
145,7NUgbiVXES8,–ú–∞—Ä–≥–∏–Ω–∞–ª —Å–ø–æ—Ä–∏—Ç –ø—Ä–æ –∞—Ä–∏—Å—Ç–æ–∫—Ä–∞—Ç–∏—é –∏ —á—É–≤—Å—Ç–≤–æ –ø—Ä–µ–∫—Ä–∞—Å–Ω–æ–≥–æ,2021-07-24,68026,2548,740
146,ZxtQbmiUlA8,–ú–∞—Ä–≥–∏–Ω–∞–ª —Ä–∞—Å–∫—Ä—ã–ª —Å–µ–∫—Ä–µ—Ç –∞–Ω–∏–º–µ,2021-07-23,44887,2127,913
147,x2dru0YLzxA,–ú–∞—Ä–≥–∏–Ω–∞–ª —Ä–æ—Ñ–ª–∏—Ç —Å –ë—ç–±—ç–µ–º,2021-07-22,44544,1989,157
148,y0jzz9wkU64,–ú–∞—Ä–≥–∏–Ω–∞–ª —Å–º–æ—Ç—Ä–∏—Ç –î—É–≥–∏–Ω–∞ –ø—Ä–æ –†–∞—Å–∫–æ–ª–¥–æ–≤–∞–Ω–Ω—ã–π –º–∏—Ä,2021-07-21,36613,1803,170
149,AtaEhruozSo,–ú–∞—Ä–≥–∏–Ω–∞–ª —Å–ø–æ—Ä–∏—Ç —Å –î—Ä–æ–±—ã—à–µ–≤—Å–∫–∏–º –æ –ø—Ä–∏—Ä–æ–¥–µ —á–µ–ª–æ–≤–µ–∫–∞,2021-07-19,73784,2402,437
150,11d1EKg0PtQ,–ú–∞—Ä–≥–∏–Ω–∞–ª –∫—Ä–∏—Ç–∏–∫—É–µ—Ç –±—É–º–µ—Ä–∞ SiliconValleyVoice,2021-07-17,53345,1550,191
151,KaQ7ghUlIPE,–ú–∞—Ä–≥–∏–Ω–∞–ª —É–≥–∞—Ä–∞–µ—Ç —Å –Ω–µ–≥—Ä–∞–º–æ—Ç–Ω–æ–π –∂—É—Ä–Ω–∞–ª–∏—Å—Ç–∫–∏,2021-07-16,49787,2052,268
152,jg6q0q7qCIg,–ú–∞—Ä–≥–∏–Ω–∞–ª —Ä–∞–∑–±–∏—Ä–∞–µ—Ç —Ñ–µ–π–ª—ã –ø—Ä–∞–≤—ã—Ö –ø–æ–ª–∏—Ç –±–ª–æ–≥–≥–µ—Ä–æ–≤,2021-07-15,39046,862,194
153,rZdJNGFqDkA,–ú–∞—Ä–≥–∏–Ω–∞–ª –ø–æ—è—Å–Ω–∏–ª –∑–∞ –æ—Ç–ª–∏—á–∏–µ –∏–µ—Ä–æ–≥–ª–∏—Ñ–æ–≤ –æ—Ç –±—É–∫–≤,2021-07-14,31531,1885,219
154,ypmzDGdpS8k,–ú–∞—Ä–≥–∏–Ω–∞–ª —Å—É–¥–∏—Ç –¥–µ–±–∞—Ç—ã –ø—Ä–æ —Å–º–µ—Ä—Ç–Ω—É—é –∫–∞–∑–Ω—å,2021-07-13,97378,3398,642
155,a67spEkJldg,–ö–∞—Ä–≥–∏–Ω vs –®–µ–≤—á–µ–Ω–∫–æ –ø—Ä–æ –∞—Ä–∞–±–æ-–∏–∑—Ä–∞–∏–ª—å—Å–∫–∏–π –∫–æ–Ω—Ñ–ª–∏–∫—Ç,2021-07-12,13674,457,149
156,0Ys5r5OVqh4,–ú–∞—Ä–≥–∏–Ω–∞–ª —Å–º–æ—Ç—Ä–∏—Ç –ø—É–ø—ã #6,2021-07-11,77598,2486,89
157,Kfnuf9dXN9E,–ú–∞—Ä–≥–∏–Ω–∞–ª –ø—Ä–æ—Ç–∏–≤ —Ä–∞—Å–∏–∑–º–∞ –ø—Ä–æ—Ç–∏–≤–Ω–∏—Ü—ã —Ä–∞—Å–∏–∑–º–∞,2021-07-10,61381,2105,429
158,OGCk9uVlDQ8,–ú–∞—Ä–≥–∏–Ω–∞–ª —Å–º–æ—Ç—Ä–∏—Ç —Ä–∞—Å–∫–ª–∞–¥ —Ç–∞—Ä–æ –Ω–∞ —Å–µ–±—è,2021-07-09,58926,2110,426
159,M5xzSKlkvNM,–ú–∞—Ä–≥–∏–Ω–∞–ª —É–≥–∞—Ä–∞–µ—Ç —Å —Ä–æ—Ñ–ª–æ–≤ –≤ –°–≤–æ–µ–π –ò–≥—Ä–µ,2021-07-08,61708,2459,132
160,veR-tyqNJP0,–ú–∞—Ä–≥–∏–Ω–∞–ª –ø–æ—è—Å–Ω–∏–ª –∑–∞ –Ω–∞—É—á–Ω–æ—Å—Ç—å –ª–∏–Ω–≥–≤–∏—Å—Ç–∏–∫–∏,2021-07-07,18611,821,56
161,4MQu5zO6LgQ,–ú–∞—Ä–≥–∏–Ω–∞–ª —Ä–∞–∑–±–∏—Ä–∞–µ—Ç –∫–æ–Ω—Ñ–ª–∏–∫—Ç –ì—É–Ω–µ—Ä–∞ –∏ Smile Face,2021-07-06,23083,736,324
162,2944DHrCVmc,D DON G –≤ –≥–æ—Å—Ç—è—Ö —É –ú–∞—Ä–≥–∏–Ω–∞–ª–∞,2021-07-05,33405,1965,244
163,3cDg_h2GtPQ,–ú–∞—Ä–≥–∏–Ω–∞–ª –ø—Ä–æ –∏—Ä—Ä–∞—Ü–∏–æ–Ω–∞–ª—å–Ω—ã–µ –ø–æ—Å—Ç—É–ø–∫–∏ –ª—é–¥–µ–π,2021-07-04,27934,1240,142
164,i3aYjg5jX9A,–ú–∞—Ä–≥–∏–Ω–∞–ª –æ–ø—Ä–µ–¥–µ–ª–∏–ª —Ç–∏—Ä-–ª–∏—Å—Ç —Ö–æ—Ä—Ä–æ—Ä–æ–≤,2021-07-03,63313,1889,217
165,aqFtPRscxjE,–ú–∞—Ä–≥–∏–Ω–∞–ª –∏ –í–∞—Ç–æ–∞–¥–º–∏–Ω –ø—Ä–æ –Ω–∞–ª–æ–≥ –Ω–∞ –Ω–µ–¥–≤–∏–∂–∏–º–æ—Å—Ç—å,2021-07-02,28998,1281,115
166,G4hi2FBWl-k,–ú–∞—Ä–≥–∏–Ω–∞–ª —Å–º–æ—Ç—Ä–∏—Ç –ª–µ–∫—Ü–∏—é –ú–∞—Ä–∫–æ–≤–∞ –ø—Ä–æ —Å–æ–≤—Ä–µ–º–µ–Ω–Ω—É—é —ç–≤–æ–ª—é—Ü–∏—é —á–µ–ª–æ–≤–µ–∫–∞,2021-07-01,27015,1344,297
167,c-xfaNb4AU4,–ú–∞—Ä–≥–∏–Ω–∞–ª —Å–º–æ—Ç—Ä–∏—Ç –∫—Ä–∏–º–∏–Ω–∞–ª—å–Ω—É—é –ø—Å–∏—Ö–æ–ª–æ–≥–∏—é,2021-06-30,53338,1732,156
168,veV0ejFPUoY,–ú–∞—Ä–≥–∏–Ω–∞–ª —Ö–æ—á–µ—Ç –æ—Ç–∫–∞–∑–∞—Ç—å—Å—è –æ—Ç –ø–∞—Ä—Ç–Ω—ë—Ä–∫–∏ —Ç–≤–∏—á–∞ | –ê–°–ú–† –º–µ—Ç–∞,2021-06-29,66446,2960,447
169,U54D3-dEUKU,–ú–∞—Ä–≥–∏–Ω–∞–ª —Å–º–æ—Ç—Ä–∏—Ç –ø—Ä–æ –≥–∏–±–µ–ª—å —Ñ—Ä–∞–Ω—à–∏–∑—ã –ß—É–∂–æ–≥–æ,2021-06-28,30355,1249,121
170,baYbAD760Yk,–ú–∞—Ä–≥–∏–Ω–∞–ª –∑–∞—â–∏—â–∞–µ—Ç —Ñ–µ–º–∏–Ω–∏–∑–º,2021-06-27,31588,1404,243
171,3p6IHBo6rlY,–ú–∞—Ä–≥–∏–Ω–∞–ª —Å–º–æ—Ç—Ä–∏—Ç –ø—É–ø—ã #5,2021-06-26,116801,3318,103
172,trbKcvtDznM,–ú–∞—Ä–≥–∏–Ω–∞–ª –∏ –∫–æ–Ω—Ñ–∞ —Å–ø–æ—Ä—è—Ç –ø—Ä–æ –∫–æ–Ω—Ü–µ–ø—Ü–∏—é –ø–æ—Å—Ç–º–æ–¥–µ—Ä–Ω–∏–∑–º–∞,2021-06-25,24197,923,130
173,B9eLTb6ISms,–ú–∞—Ä–≥–∏–Ω–∞–ª —Å–º–æ—Ç—Ä–∏—Ç –≤–∏–¥–µ–æ –ø—Ä–æ –Ω–µ—É–¥–∞—á–Ω—É—é —Å–º–µ–Ω—É –ø–æ–ª–∞,2021-06-24,58898,3099,406
174,LpeUu6aL5hk,–ú–∞—Ä–≥–∏–Ω–∞–ª —Å–ø–æ—Ä–∏—Ç —Å –°–∞–ø–æ–ª—å—Å–∫–∏ –ø—Ä–æ –¥–µ—Ç–µ—Ä–º–∏–Ω–∏–∑–º –∏ —Å–≤–æ–±–æ–¥—É –≤–æ–ª–∏,2021-06-23,44460,1367,301
175,y6OlNACfyeM,–ú–∞—Ä–≥–∏–Ω–∞–ª –ø—Ä–æ –Ω–æ–≤—ã–µ –ü–∏–ª—É –∏ –ó–∞–∫–ª—è—Ç—å–µ,2021-06-22,23090,875,82
176,YKW9p479U2A,–ú–∞—Ä–≥–∏–Ω–∞–ª –ø—Ä–æ —Å–º—ã—Å–ª –∞—Ä—Ç—Ö–∞—É—Å–Ω—ã—Ö —Ñ–∏–ª—å–º–æ–≤,2021-06-21,31432,1243,270
177,s17Qqjp5y6c,–û–ª—è –†–æ–∑–∫–∞ –≤ –≥–æ—Å—Ç—è—Ö —É –ú–∞—Ä–≥–∏–Ω–∞–ª–∞ | –î–µ–∞–Ω–æ–Ω—ã –∏ –ª–∏—á–Ω—ã–µ –¥–∞–Ω–Ω—ã–µ,2021-06-20,27261,787,267
178,iT6hP_NZhAI,–ú–∞—Ä–≥–∏–Ω–∞–ª —Å–º–æ—Ç—Ä–∏—Ç –≤–∏–¥–µ–æ –§–ª–∏–Ω–Ω–∞ –ø—Ä–æ –ø—É–ø—ã,2021-06-19,35652,1623,106
179,5CNOOjYEn1Y,–ú–∞—Ä–≥–∏–Ω–∞–ª –≤—ã–±—Ä–∞–ª –ü—É—Ç–∏–Ω–∞ –≤–º–µ—Å—Ç–æ –æ–ø–ø–æ–∑–∏—Ü–∏–∏ –∞-–ª—è –ù–∞–≤–∞–ª—å–Ω—ã–π,2021-06-18,82113,3354,545
180,xWP77G-tMKc,–ú–∞—Ä–≥–∏–Ω–∞–ª –≤—ã–±–∏—Ä–∞–µ—Ç –º–µ–∂–¥—É –∫–æ—Ç–∞–º–∏ –∏ —Å–æ–±–∞–∫–∞–º–∏,2021-06-17,34128,1679,283
181,OpW4kgMNjJg,–ú–∞—Ä–≥–∏–Ω–∞–ª —Å–º–æ—Ç—Ä–∏—Ç –≤–∏–¥–µ–æ –ø—Ä–æ —Ä–∞—Å–∏–∑–º –≤ —è–∑—ã—á–µ—Å—Ç–≤–µ,2021-06-16,20594,663,90
182,LOEBuqoZJcg,–ú–∞—Ä–≥–∏–Ω–∞–ª –ø–æ–ª—á–∞—Å–∞ —É—Å—Ç–∞–Ω–∞–≤–ª–∏–≤–∞–µ—Ç –∫–æ–Ω–¥–∏—Ü–∏–æ–Ω–µ—Ä,2021-06-15,46834,2042,369
183,a-YSIf4tIGw,–ú–∞—Ä–≥–∏–Ω–∞–ª —Å–º–æ—Ç—Ä–∏—Ç –î—É–≥–∏–Ω–∞ –ø—Ä–æ —Å–ø–æ—Ä—Ç –∏ –ï–ì–≠,2021-06-14,21885,982,78
184,GVXX4Kl7MmM,–ú–∞—Ä–≥–∏–Ω–∞–ª —Å–º–æ—Ç—Ä–∏—Ç –ø—É–ø—ã #4,2021-06-12,128603,3955,177
185,c8nfOe6b1T4,–ú–∞—Ä–≥–∏–Ω–∞–ª –ø—Ä–æ –∞—Ä–µ—Å—Ç –•–æ–≤–∞–Ω—Å–∫–æ–≥–æ,2021-06-11,109741,4991,866
186,eMrcVNr0XgQ,–ú–∞—Ä–≥–∏–Ω–∞–ª –∏ –∫–æ–Ω—Ñ–∞ –ø—Ä–æ —Ñ–∏–ª—å–º –ú–∞–π–æ—Ä –ì—Ä–æ–º –∏ –¥—Ä—É–≥–∏–µ,2021-06-10,27602,1008,56
187,v5gU94Oarn4,–ú–∞—Ä–≥–∏–Ω–∞–ª –ø–æ—è—Å–Ω—è–µ—Ç –∑–∞ –¥–µ—Ç–µ—Ä–º–∏–Ω–∏–∑–º –∏ —Å–≤–æ–±–æ–¥—É –≤–æ–ª–∏,2021-06-08,31070,1399,174
188,O2l2e8WaDKQ,–ú–∞—Ä–≥–∏–Ω–∞–ª —Å–º–æ—Ç—Ä–∏—Ç –æ–±–∑–æ—Ä –Ω–∞ –ù–µ—É—è–∑–≤–∏–º–æ–≥–æ,2021-06-06,46106,1624,227
189,CnvnwehvpEg,–ú–∞—Ä–≥–∏–Ω–∞–ª –ø—Ä–æ –∏—Å—Ç–æ—Ä–∏—é –≥–æ—Å—É–¥–∞—Ä—Å—Ç–≤–µ–Ω–Ω–æ—Å—Ç–∏ –†–æ—Å—Å–∏–∏,2021-06-05,39275,1513,429
190,VOHxcNKTi7M,–ú–∞—Ä–≥–∏–Ω–∞–ª —Å–º–æ—Ç—Ä–∏—Ç –ø—É–ø—ã #3,2021-06-04,102120,3233,91
191,OTlJGmjdEUk,–°–≤–∞–Ω–∏–¥–∑–µ –≤ –≥–æ—Å—Ç—è—Ö —É –ú–∞—Ä–≥–∏–Ω–∞–ª–∞ –∏ –ö–∞—Ä–≥–∏–Ω–∞,2021-06-02,18763,774,231
192,FI8lhY0V2PI,–ú–∞—Ä–≥–∏–Ω–∞–ª —Å–º–æ—Ç—Ä–∏—Ç GreenGrass –ø—Ä–æ –ø—Ä–æ–≤–∞–ª—ã –ù–µ—á—Ç–æ –∏ –ê–ª–∏—Ç—ã,2021-06-01,26848,998,101
193,TJeO6pBWT8I,–ú–∞—Ä–≥–∏–Ω–∞–ª –ø—Ä–æ—Ç–∏–≤ —Å–Ω–æ–±–∏–∑–º–∞ –≤ –Ω–∞—É–∫–µ,2021-05-31,25238,1170,97
194,pHxTbNNw95I,–ú–∞—Ä–≥–∏–Ω–∞–ª —Å –ø–æ—Ö–º–µ–ª—å—è —Å–º–æ—Ç—Ä–∏—Ç –õ—ã—Å–æ–≥–æ –±–∞–Ω–∫—Ä–æ—Ç–∞ –≤/–Ω–∞ –£–∫—Ä–∞–∏–Ω–µ,2021-05-30,24127,1024,99
195,VB6MVY5cBdA,–ó–∞—â–∏—Ç–∞ –°–∞–≤–µ–ª—å–µ–≤–∞ Redux 2.0,2021-05-29,30438,1038,168
196,ATcksKjIjx8,–ú–∞—Ä–≥–∏–Ω–∞–ª –æ–ø—Ä–æ–≤–µ—Ä–≥–∞–µ—Ç —Ç–µ–π–∫–∏ Vaush –ø—Ä–æ –ò–∑—Ä–∞–∏–ª—å—Å–∫–æ-–ø–∞–ª–µ—Å—Ç–∏–Ω—Å–∫–∏–π –∫–æ–Ω—Ñ–ª–∏–∫—Ç,2021-05-28,21675,903,148
197,akfbIe6pPN0,–ú–∞—Ä–≥–∏–Ω–∞–ª —Å–º–æ—Ç—Ä–∏—Ç –ø—É–ø—ã #2,2021-05-27,112635,3521,111
198,4t-DPL2i0zo,–ú–∞—Ä–≥–∏–Ω–∞–ª –∑–∞—â–∏—â–∞–µ—Ç –î—É–≥–∏–Ω–∞ –æ—Ç –Ω–∞–ø–∞–¥–æ–∫ –®–∞–¥–æ–≤–∞,2021-05-25,31112,1140,166
199,MeDoOWL1W74,–ú–∞—Ä–≥–∏–Ω–∞–ª —Å–ø–æ—Ä–∏—Ç –ø—Ä–æ –Ω–∞—É—á–Ω—ã–µ –∂—É—Ä–Ω–∞–ª—ã –∏ —É—á—ë–Ω—ã—Ö,2021-05-24,22286,927,157
200,4TqDUJt2D28,–≠—Ç–Ω–æ–≥—Ä–∞—Ñ –ú–∏—Ö–∞–∏–ª –ß–ª–µ–Ω–æ–≤ –≤ –≥–æ—Å—Ç—è—Ö —É –ú–∞—Ä–≥–∏–Ω–∞–ª–∞,2021-05-23,35758,1692,323
201,jWovjOCZlVc,–ú–∞—Ä–≥–∏–Ω–∞–ª –∫—Ä–∏–Ω–∂—É–µ—Ç –æ—Ç —Ä–æ–ª–∏–∫–∞ –¢—Ö–∏–Ω–∞ –ø—Ä–æ –∞—Ç–µ–∏–∑–º,2021-05-22,41492,1669,252
202,Ms8PsjKlTF0,"–ö—Ä—É–≥–ª—ã–π —Å—Ç–æ–ª –∞–Ω—Ç–∏—á–Ω–æ–π –∏—Å—Ç–æ—Ä–∏–∏ | –ò–Ω–∫–≤–∏–∑–∏—Ü–∏—è, —É–ø–∞–¥–æ–∫ –†–∏–º–∞, –∫—Ä–µ—Å—Ç–æ–≤—ã–µ –ø–æ—Ö–æ–¥—ã, –Ω–∞—É–∫–∞ –∏ —Ñ–∏–ª–æ—Å–æ—Ñ–∏—è",2021-05-21,28057,862,143
203,JwVXU_flUbo,–ú–∞—Ä–≥–∏–Ω–∞–ª –ø—Ä–æ –∫–æ–Ω—Ñ–ª–∏–∫—Ç –ò–∑—Ä–∞–∏–ª—è –∏ –ü–∞–ª–µ—Å—Ç–∏–Ω—ã,2021-05-20,56256,2629,523
204,383UWXkKDLg,–ú–∞—Ä–≥–∏–Ω–∞–ª —Å–ª—É—à–∞–µ—Ç –∏ –ø–æ—è—Å–Ω—è–µ—Ç –∑–∞ –≤–∏—Å–∫–∏,2021-05-19,18769,461,60
205,qVEDRNILcI4,–†–æ—Å–æ–≤ –Ω–µ–æ—Å—Ç–æ—Ä–æ–∂–Ω–æ –ø—Ä–æ –ü–æ–Ω–∞—Å–µ–Ω–∫–æ–≤–∞ –∏ –Ω–∞—É—á–Ω–æ—Å—Ç—å –∏—Å—Ç–æ—Ä–∏–∏,2021-05-18,34631,1570,261
206,9jpt5sDQAAI,–ú–∞—Ä–≥–∏–Ω–∞–ª —Å–≥–æ—Ä–µ–ª –æ—Ç —Ç–µ–π–∫–æ–≤ –ö—Ä–∞—Å–Ω–æ–≥–æ –¶–∏–Ω–∏–∫–∞ –ø—Ä–æ —Ä–∞—Å–∏–∑–º,2021-05-17,72608,3039,348
207,piwg2nNi3jM,–ú–∞—Ä–≥–∏–Ω–∞–ª –ø—Ä–æ –∞–Ω–∏–º–µ –∏ –ì–æ–ª–ª–∏–≤—É–¥,2021-05-16,27303,1096,319
208,yZnUA6ypnE8,–ú–∞—Ä–≥–∏–Ω–∞–ª —Å–º–æ—Ç—Ä–∏—Ç –°–∫—å—ë–ª—å–¥–∞ –ø—Ä–æ –û–¥–∏–Ω–∞,2021-05-15,90171,2419,194
209,Ij5zEzfGfws,"–ó–≤–æ–Ω–æ–≤, –ê–ª–∏–ø–æ–≤ –∏ –ú–µ–¥–∏–∫ —Å–ø–æ—Ä—è—Ç –æ –ø—Å–∏—Ö–∏–∞—Ç—Ä–∏–∏ –Ω–∞ —Å—Ç—Ä–∏–º–µ —É –ú–∞—Ä–≥–∏–Ω–∞–ª–∞",2021-05-14,27300,1056,177
210,h8RHKznvCGs,–ú–∞—Ä–≥–∏–Ω–∞–ª —Å–æ –í—Å–µ–≤–æ–ª–æ–¥–æ–º —Ä–∞–∑–±–∏—Ä–∞—é—Ç —Ñ—Ä–∞–≥–º–µ–Ω—Ç –¢—Ö–∏–Ω–∞ –ø—Ä–æ –ª–æ–≥–∏–∫—É,2021-05-13,73047,1695,390
211,tOS9eMv0szU,–ú–∞—Ä–≥–∏–Ω–∞–ª —Å–º–µ—ë—Ç—Å—è –Ω–∞–¥ –ø–∞—Ä–æ–¥–∏—è–º–∏ –Ω–∞ –∑–∞–ø–∞–¥–Ω—ã—Ö –∏–Ω—Ç–µ—Ä–Ω–µ—Ç –∑–Ω–∞–º–µ–Ω–∏—Ç–æ—Å—Ç–µ–π,2021-05-12,21777,634,51
212,Z2q06_6xdHc,–ú–∞—Ä–≥–∏–Ω–∞–ª —Å–º–æ—Ç—Ä–∏—Ç –°–∫—å—ë–ª—å–¥–∞ –ø—Ä–æ –∏–Ω–¥–æ–µ–≤—Ä–æ–ø–µ–π—Å–∫—É—é –ø—Ä–∞—Ä–æ–¥–∏–Ω—É,2021-05-11,43599,1782,150
213,FuxoC33B6Qw,–ü–æ–¥–Ω–µ–±–µ—Å–Ω—ã–π –≤ –≥–æ—Å—Ç—è—Ö —É –ú–∞—Ä–≥–∏–Ω–∞–ª–∞,2021-05-10,94141,3619,748
214,vS8grCKgzto,–ú–∞—Ä–≥–∏–Ω–∞–ª –ø—Ä–æ –ø–∞—Ä–∞–¥ –Ω–∞ 9 –º–∞—è,2021-05-09,46498,1925,322
215,tOk6ZO1ptNE,–ú–∞—Ä–≥–∏–Ω–∞–ª —Å–º–æ—Ç—Ä–∏—Ç –í–µ—Ä—Ç–æ–ª—ë—Ç–∞ –ø—Ä–æ –ù–∏–∫—É –∏ –ù–∞–π–∫(–∏),2021-05-08,49986,2021,217
216,U5jzXFyeStY,–ù–æ–≤–∞—è –º–∞—Ä–≥–∏–Ω–∞–ª—å–Ω–∞—è –∫–æ–Ω—Ñ–∞,2021-05-07,32523,1340,423
217,uhQFTfeL3Jc,–ú–∞—Ä–≥–∏–Ω–∞–ª —Å–º–æ—Ç—Ä–∏—Ç —Ç–æ–ø 5 sci-fi —Ñ–∏–ª—å–º–æ–≤ –æ—Ç JUST ILYA,2021-05-07,19557,911,86
218,S5ctDPE6KGg,–ú–∞—Ä–≥–∏–Ω–∞–ª –ø—Ä–æ —è–∑—ã—á–µ—Å–∫–æ–µ –º–∏—Ä–æ–≤–æ–∑–∑—Ä–µ–Ω–∏–µ,2021-05-06,38585,1644,154
219,WeJf0r3nMro,–ú–∞—Ä–≥–∏–Ω–∞–ª –ø–æ—è—Å–Ω—è–µ—Ç –∑–∞ –º–∞—Ä–∏—Ö—É–∞–Ω—É,2021-05-06,50679,2186,374
220,zn0Z02sXmh8,–ú–∞—Ä–≥–∏–Ω–∞–ª —Å–º–æ—Ç—Ä–∏—Ç —Ç–æ–ø 10 –º—É–ª—å—Ç—Ñ–∏–ª—å–º–æ–≤ –æ—Ç JUST ILYA,2021-05-05,35228,1246,131
221,LW9LyfziqTE,–ú–∞—Ä–≥–∏–Ω–∞–ª –∑–∞—â–∏—â–∞–µ—Ç —Ñ–∏–ª—å–º Mortal Kombat,2021-05-04,25894,959,250
222,b8l6FrMbdYg,–†–µ–∞–∫—Ü–∏—è –ú–∞—Ä–≥–∏–Ω–∞–ª –Ω–∞ —Å–≤–æ—é –∏–≥—Ä—É –≤ cs:s,2021-05-03,35639,2512,111
223,NHpMeflIMXQ,–ú–∞—Ä–≥–∏–Ω–∞–ª –æ–ø—Ä–æ–≤–µ—Ä–≥–∞–µ—Ç –ø–æ–ø—É–ª—è—Ä–Ω—ã–µ –º–∞—Ä–∫—Å–∏—Å—Ç—Å–∫–∏–µ —Ç–µ–π–∫–∏,2021-05-02,56121,1792,383
224,lyw_K5O_g64,–ú–∞—Ä–≥–∏–Ω–∞–ª —Å–º–æ—Ç—Ä–∏—Ç –§–ª–∏–Ω–Ω–∞ –ø—Ä–æ —É–∂–∞—Å–Ω—É—é –∞—Ç–º–æ—Å—Ñ–µ—Ä—É –∏–≥—Ä –Ω–∞ Source,2021-05-01,52751,2358,119
225,oFuOMvlEdeY,–ú–∞—Ä–≥–∏–Ω–∞–ª —Å–º–æ—Ç—Ä–∏—Ç –°—Ç–∞—Å–∞ –∏ –¢–æ–ø–ª–µ—Å–∞ –ø—Ä–æ —Ä–µ–ª–∏–≥–∏—é,2021-04-30,131238,3039,274
226,iXDizDrV5rs,–ú–∞—Ä–≥–∏–Ω–∞–ª –±–µ–∑ –Ω–µ–≥–∞—Ç–∏–≤–∞ –ø—Ä–æ —Å–æ–∑–¥–∞—Ç–µ–ª—å–Ω–∏—Ü—É –°–∞–π—Ö–∞–±–∞ - –ê–ª–µ–∫—Å–∞–Ω–¥—Ä—É –≠–ª–±–∞–∫—è–Ω,2021-04-29,32937,1280,301
227,gvK9ipopN5Q,–ú–∞—Ä–≥–∏–Ω–∞–ª —É–¥–∞—Ä–∏–ª—Å—è –≤ –Ω–æ—Å—Ç–∞–ª—å–≥–∏—é –ø–æ –¢–í,2021-04-28,34004,1327,204
228,Mjecv78KRyU,–ú–∞—Ä–≥–∏–Ω–∞–ª —Å–º–æ—Ç—Ä–∏—Ç —Ä–µ–∞–∫—Ü–∏—é –°—Ç–∞—Å–∞ –Ω–∞ –∫—Ä–∏—Ç–∏–∫—É –ë–∞–∂–µ–Ω–æ–≤–∞,2021-04-27,165202,3106,360
229,pE7QT6gWhfI,–ú–∞—Ä–≥–∏–Ω–∞–ª —Å–º–æ—Ç—Ä–∏—Ç –û–∑–æ–Ω–∞ #2‚Äã,2021-04-26,54872,1311,135
230,oNQZUhdSdkU,"–ú–∞—Ä–≥–∏–Ω–∞–ª, –í–∞—Ç–æ–∞–¥–º–∏–Ω –∏ –ë–∞–∂–µ–Ω–æ–≤ –ø—Ä–æ –°—Ç–∞—Å–∞ –∏ –∫–æ–º–º—É–Ω–∏—Å—Ç–æ–≤",2021-04-25,57417,1816,155
231,YfxFU_F2uks,–ú–∞—Ä–≥–∏–Ω–∞–ª —Å–º–æ—Ç—Ä–∏—Ç –ø—É–ø—ã,2021-04-24,224418,6583,216
232,htb7UjSp9EE,–ú–∞—Ä–≥–∏–Ω–∞–ª —Ä–∞—Å–∫—Ä—ã–≤–∞–µ—Ç —Å–µ–∫—Ä–µ—Ç –ø–æ—Ö—É–¥–µ–Ω–∏—è,2021-04-23,38066,1361,197
233,y2W2oIQiWIc,–ú–∞—Ä–≥–∏–Ω–∞–ª –ø—Ä–æ—Ç–∏–≤ –ª–∏—á–Ω–æ–≥–æ —Ç—Ä–∞–Ω—Å–ø–æ—Ä—Ç–∞,2021-04-21,27310,1106,433
234,KaOyNYCHoSk,–ú–∞—Ä–≥–∏–Ω–∞–ª —É–≥–∞—Ä–∞–µ—Ç —Å –±–æ—Ä–æ–¥–∞—á–∞ –∏ –µ–≥–æ –¥–µ—Ä–º–∞—Ä–æ–ª–ª–µ—Ä–∞,2021-04-20,40723,1557,166
235,cfayI1IffUE,–†–æ—Å–æ–≤ –∏ –ö–∞–¥–∂–∏—Ç –æ–ø—Ä–µ–¥–µ–ª—è—é—Ç –†–æ—Å—Å–∏—é –±—É–¥—É—â–µ–≥–æ,2021-04-19,17651,657,151
236,aiDoPz2ernQ,–ú–∞—Ä–≥–∏–Ω–∞–ª –ø–æ–∑–Ω–∞–ª –æ–±—ä—ë–º–Ω–æ–µ –º—ã—à–ª–µ–Ω–∏–µ,2021-04-17,50499,1871,246
237,_vip_vdoE7I,–ú–∞—Ä–≥–∏–Ω–∞–ª –∑–∞—â–∏—â–∞–µ—Ç –ø—Ä–∞–≤–∞ —Ç—Ä–∞–Ω—Å–≥–µ–Ω–¥–µ—Ä–æ–≤,2021-04-16,40801,1441,556
238,a3sNi6HcGiw,–ú–∞—Ä–≥–∏–Ω–∞–ª —Ä–∞—Å–∫—Ä–∏—Ç–∏–∫–æ–≤–∞–ª —Ä–æ–ª–∏–∫ –ø—Ä–æ –®–æ–ø–µ–Ω–≥–∞—É—ç—Ä–∞,2021-04-15,46174,1567,142
239,nFCBoSMUAZ8,–ú–∞—Ä–≥–∏–Ω–∞–ª –ø—Ä–æ –¥–æ–ª–≥ –ø–µ—Ä–µ–¥ –æ–±—â–µ—Å—Ç–≤–æ–º,2021-04-14,68714,2227,402
240,MLAbufmPwEA,–ú–∞—Ä–≥–∏–Ω–∞–ª –∏ –º–∞—ç—Å—Ç—Ä–æ –ü–æ–Ω–∞—Å–µ–Ω–∫–æ–≤ –≤—Å—Ç—Ä–µ—Ç–∏–ª–∏—Å—å,2021-04-13,487980,15831,1045
241,pov9qoji1_8,–ú–∞—Ä–≥–∏–Ω–∞–ª –∑–∞—â–∏—â–∞–µ—Ç –î—É–≥–∏–Ω–∞ –æ—Ç –Ω–∞–ø–∞–¥–æ–∫ –ü–æ–Ω–∞—Å–µ–Ω–∫–æ–≤–∞,2021-04-12,72077,2137,463
242,61Es32bC-wY,–ú–∞—Ä–≥–∏–Ω–∞–ª –≤ —à–æ–∫–µ –æ—Ç —Ç–µ–π–∫–æ–≤ –ù–∞–π—à—É–ª–ª–µ—Ä–∞ –∏ –ü–æ–ø–µ—Ä–µ—á–Ω–æ–≥–æ –ø—Ä–æ –≥—Ä–∞–∂–¥–∞–Ω—Å–∫–æ–µ –æ—Ä—É–∂–∏–µ,2021-04-10,73308,2458,431
243,5RdtFO2SAJQ,"–ú–∞—Ä–≥–∏–Ω–∞–ª, –°–∏–ª–µ–Ω—Ç–∏—É–º –∏ Just Ilya –ø—Ä–æ —Ñ–∏–ª—å–º—ã: –†–∞—Å—Å–≤–µ—Ç –º–µ—Ä—Ç–≤–µ—Ü–æ–≤, –•—Ä–∞–Ω–∏—Ç–µ–ª–∏, –°–Ω–∞–π–¥–µ—Ä–∫–∞—Ç",2021-04-09,28507,720,92
244,lO8xwsEB990,–ú–∞—Ä–≥–∏–Ω–∞–ª –∑–∞—â–∏—â–∞–µ—Ç –¢–æ–ª–∫–∏–Ω–∞ –æ—Ç —Ä–∞—Å–∏–∑–º–∞ –®—É–ª—å–º–∞–Ω,2021-04-08,78036,3060,342
245,LHt98rfsPec,–ú–∞—Ä–≥–∏–Ω–∞–ª –∏ –î–∞—Ä—å—è –ü–ª–∞—Ç–æ–Ω–æ–≤–∞ –æ –ø–æ–ª–∏—Ç–∏–∫–µ –∏ —Ä–µ–ª–∏–≥–∏–∏,2021-04-07,46889,1714,325
246,v3OKLLZHY0c,–ú–∞—Ä–≥–∏–Ω–∞–ª —Å–º–æ—Ç—Ä–∏—Ç –ü–∞–¥–µ–Ω–∏–µ –î–æ–Ω–∞ –°–∞–≤–µ–ª—å–æ–Ω–∞,2021-04-06,77531,2894,98
247,NQoJ0BYI75A,–ú–∞—Ä–≥–∏–Ω–∞–ª –æ–ø—Ä–æ–≤–µ—Ä–≥–∞–µ—Ç —Ç–µ–π–∫–∏ –∑–∞ —Å—É—â–µ—Å—Ç–≤–æ–≤–∞–Ω–∏–µ –ë–æ–≥–∞,2021-04-05,66788,1540,320
248,Ktmm-SGvdAo,–î–µ–±–∞—Ç—ã –†–æ—Å–æ–≤–∞ –∏ –ö–∞—Ä–≥–∏–Ω–∞ –Ω–∞ —Ç–µ–º—É –ø—Ä–æ—Ç–∏–≤–æ—Å—Ç–æ—è–Ω–∏—è –ö–∞—Ä—Ñ–∞–≥–µ–Ω–∞ –∏ –†–∏–º—Å–∫–æ–π –∏–º–ø–µ—Ä–∏–∏,2021-04-03,20009,700,220
249,kA-spp0h_Fo,–ú–∞—Ä–≥–∏–Ω–∞–ª –ø–æ—Å–º–µ—è–ª—Å—è —Å –î–æ–∫–∞ –∏ –ø–æ—è—Å–Ω–∏–ª –∑–∞ –°–æ–±–æ—Ä –ú–æ–ª–¥–±–∞–≥–∞,2021-04-02,28566,1047,182
250,jkd6A5RW-cg,–ú–∞—Ä–≥–∏–Ω–∞–ª —Å—É–¥–∏—Ç –¥–µ–±–∞—Ç—ã –°–∞—Ä–º–∞—Ç–∞ –∏ –†—É–¥–æ–≥–æ,2021-04-01,97555,2313,235
251,FZoGCyBQneo,"–ú–∞—Ä–≥–∏–Ω–∞–ª, –õ–∞—Ä–∏–Ω –∏ –ö–∞—Ä–≥–∏–Ω –ø—Ä–æ –º–æ—Ä–∞–ª—å–Ω—ã–µ –∫–∞—á–µ—Å—Ç–≤–∞ –±–ª–æ–≥–≥–µ—Ä–æ–≤ –Ω–∞ —é—Ç—É–±–µ",2021-03-31,26409,857,64
252,YDQf-57ZzsA,"–ú–∞—Ä–≥–∏–Ω–∞–ª –∏ –°–∏–ª–µ–Ω—Ç–∏—É–º –æ–±—Å—É–∂–¥–∞—é—Ç —Ñ–∏–ª—å–º—ã –ß—É–∂–æ–π: –ó–∞–≤–µ—Ç, –ü–µ–∫–ª–æ –∏ –ü–∞–Ω–¥–æ—Ä—É–º",2021-03-30,33796,925,95
253,byxkeTosh50,–ú–∞—Ä–≥–∏–Ω–∞–ª —Ä–∞—Å—Å–∫–∞–∑–∞–ª –ø—Ä–æ –∏–Ω—Ü–∏–¥–µ–Ω—Ç —Å –∫—Ä–µ—Å–ª–æ–º,2021-03-29,28781,1107,112
254,zKw2em8DaSA,–ú–∞—Ä–≥–∏–Ω–∞–ª –ø–ª–∞—á–µ—Ç –æ—Ç –∏–Ω—Ç–µ—Ä–≤—å—é –°–æ–±—á–∞–∫ —Å–æ –°–∫–æ–ø–∏–Ω—Å–∫–∏–º –º–∞–Ω—å—è–∫–æ–º,2021-03-28,183788,5233,1245
255,-vMvOWTDN7U,–ú–∞—Ä–≥–∏–Ω–∞–ª —Å–º–æ—Ç—Ä–∏—Ç —Å–∞–º—ã–µ –ª—É—á—à–∏–µ –¥–µ–±–∞—Ç—ã –ø—Ä–æ —Ñ–µ–º–∏–Ω–∏–∑–º,2021-03-27,40348,1527,170
256,0QI44jnq_Ls,–ú–∞—Ä–≥–∏–Ω–∞–ª –∏ –ë–æ—è—Ä—à–∏–Ω–æ–≤ –ø—Ä–æ —Ä—É—Å—Å–∫—É—é –Ω–∞—Ä–æ–¥–Ω–æ—Å—Ç—å,2021-03-26,16392,669,162
257,2GkVUa6VE4Y,–ì–ª–∞–≤–Ω—ã–π —Ä–∞–≤–≤–∏–Ω –í–æ—Ä–æ–Ω–µ–∂–∞ –≤ –≥–æ—Å—Ç—è—Ö —É –£–±–µ—Ä–º–∞—Ä–≥–∏–Ω–∞–ª–∞,2021-03-25,7421,257,49
258,keHPJLhsJg8,–ú–∞—Ä–≥–∏–Ω–∞–ª —É–Ω–∏—á—Ç–æ–∂–∞–µ—Ç –ø—Ä–∞–Ω–∫–∏,2021-03-24,29415,847,223
259,Nw8vzAurysM,–ú–∞—Ä–≥–∏–Ω–∞–ª —Å–º–æ—Ç—Ä–∏—Ç –≤–∏–¥–µ–æ –ø—Ä–æ –¥–µ–≤—É—à–∫—É-—Å–Ω–∞—Ä—è–¥,2021-03-23,26546,742,127
260,ApxZMLMU6lU,–ú–∞—Ä–≥–∏–Ω–∞–ª –∏ –ú–µ–¥–∏–∫ –ø—Ä–æ –Ω–∞—Ä–∫–æ—Ç–∏–∫–∏ –∏ –ø—Ä–æ–±–ª–µ–º—ã —Å –Ω–∏–º–∏,2021-03-22,17499,739,74
261,vSIpmLTior4,–ú–∞—Ä–≥–∏–Ω–∞–ª –æ–ø—Ä–µ–¥–µ–ª—è–µ—Ç –∂–∞–Ω—Ä Sci Fi,2021-03-22,14874,623,91
262,rau7FOl8OGs,–ú–∞—Ä–≥–∏–Ω–∞–ª –∏ –í–∞—Ö—à—Ç–∞–π–Ω –æ–ø—Ä–µ–¥–µ–ª—è—é—Ç –ø–æ–Ω—è—Ç–∏–µ –Ω–∞—É–∫–∏,2021-03-21,29035,1298,170
263,qIW_r0eZ_bk,–ú–∞—Ä–≥–æ —Å–º–æ—Ç—Ä–∏—Ç –ò–≤–∞–Ω–∞ –ì–∞–º–∞–∑–∞,2021-03-20,26673,854,76
264,NQHJa3DlzYc,–ú–∞—Ä–∏—è —Å –ø–∞–±–ª–∏–∫–∞ –ü–æ–¥—Ä—É—á–Ω—ã–π –≤ –≥–æ—Å—Ç—è—Ö —É –£–±–µ—Ä–º–∞—Ä–≥–∏–Ω–∞–ª–∞,2021-03-20,11656,294,113
265,joRYgvY4xMY,–î–µ–±–∞—Ç—ã –õ—É—Å–∏–Ω—ç –∏ –ö–æ—Ç–∞ –í–∞—Å—å–∫–∏ –Ω–∞ —Å—Ç—Ä–∏–º–µ —É –ú–∞—Ä–≥–∏–Ω–∞–ª–∞,2021-03-19,25246,764,126
266,HN9_gEkQX00,–ú–∞—Ä–≥–∏–Ω–∞–ª –ø—Ä–æ –∏–≥—Ä—ã –∏ —Ä–µ–∫–ª–∞–º—É –Ω–∞ —Å—Ç—Ä–∏–º–∞—Ö,2021-03-18,17307,658,142
267,7vN7v3Ub8Yo,"–ú–∞—Ä–≥–æ —Å–º–æ—Ç—Ä–∏—Ç –ñ–µ–Ω—â–∏–Ω—ã –≤ —Ö–æ—Ä—Ä–æ—Ä–µ: —Å–æ–≤–µ—Ç—É—é —Ñ–∏–ª—å–º—ã, —Å–Ω—è—Ç—ã–µ –∂–µ–Ω—â–∏–Ω–∞–º–∏",2021-03-17,32833,1097,232
268,Orn1QCng-9Y,"–ú–∞—Ä–≥–∏–Ω–∞–ª, –°–æ–∑–∏–¥–∞—Ç–µ–ª—å –∏ –í—É–¥—É—à –≤ –°–≤–æ–µ–π –ò–≥—Ä–µ",2021-03-16,22273,599,92
269,BpnijEvLedE,–ú–∞—Ä–≥–∏–Ω–∞–ª –ø—Ä–æ—Ç–∏–≤ –∫–æ–Ω—Å–æ–ª–µ–π,2021-03-16,19778,906,291
270,0hqcQMMDiNs,–ú–∞—Ä–∏–≥–Ω–∞–ª –∏ –ö–æ–≥–∞–Ω –ø—Ä–æ –æ—Ä—É–∂–µ–π–Ω—ã–µ –∑–∞–∫–æ–Ω—ã –≤ –†–§ –∏ –°–®–ê,2021-03-15,11211,545,69
271,eF0de4zpihc,–ú–∞—Ä–≥–∏–Ω–∞–ª —Å—É–¥–∏—Ç –¥–µ–±–∞—Ç—ã –ú–∏–Ω–∞–µ–≤–∞ –∏ –ú–∞—Ä—à–µ–Ω–∫—É–ª–æ–≤–æ–π,2021-03-15,30917,1103,186
272,HOy6uRH0vVo,–ú–∞—Ä–≥–∏–Ω–∞–ª –ø—Ä–æ –ø–æ–¥–¥–µ–ª—å–Ω—ã–π —Å–Ω–µ–≥ –≤ –¢–µ—Ö–∞—Å–µ,2021-03-14,36773,1848,182
273,ZiUWwqTtV6Y,–ú–∞—Ä–≥–∏–Ω–∞–ª –ø—Ä–æ—Ç–∏–≤ —à–∫–æ–ª—å–Ω–æ–π –ø—Ä–æ–≥—Ä–∞–º–º—ã –º–∞—Ç–µ–º–∞—Ç–∏–∫–∏,2021-03-13,21539,980,170
274,Ryjvq2joexw,–ú–∞—Ä–≥–∏–Ω–∞–ª –Ω–µ –∫–æ–º–º–µ–Ω—Ç–∏—Ä—É–µ—Ç –∏–Ω—Ç–µ—Ä–≤—å—é —Å –î—É–≥–∏–Ω—ã–º,2021-03-12,30909,832,89
275,3RB7x2b3hYg,–ó–∞–≥–∞–¥–∫–∞ –ø—Ä–æ –∫–∏–Ω–æ –æ—Ç –£–±–µ—Ä–º–∞—Ä–≥–∏–Ω–∞–ª–∞,2021-03-12,12695,608,50
276,rrNy-EEM1hc,–î–µ–±–∞—Ç—ã –î–∞–≤–∏–¥–∞ –•–æ–º–∞–∫–∞ –∏ –ê–ª–µ–∫—Å–∞–Ω–¥—Ä–∞ –ö–∞—Ä–≥–∏–Ω–∞ –Ω–∞ —Å—Ç—Ä–∏–º–µ –£–±–µ—Ä–º–∞—Ä–≥–∏–Ω–∞–ª–∞,2021-03-11,42930,1697,464
277,NvuLS8O44hE,–ê–Ω–∞—Ç–æ–ª–∏–π –æ–∫—É–Ω–∞–µ—Ç—Å—è –≤ —Ç—Ä–µ–Ω–¥—ã —é—Ç—É–±–∞,2021-03-10,50821,2470,198
278,pS2A88vLCrQ,–ú–∞—Ä–≥–∏–Ω–∞–ª –ø–æ—è—Å–Ω—è–µ—Ç –∑–∞ –∞–Ω—Ç–∏—á–Ω—ã–π –≥–æ–º–æ—Å–µ–∫—Å—É–∞–ª–∏–∑–º,2021-03-09,41464,1940,100
279,g4UYrAwBF4I,–ú–∞—Ä–≥–∏–Ω–∞–ª –∏ –ö–æ–≥–∞–Ω –±–µ—Å–µ–¥—É—é—Ç –æ –≤–∏—Å–∫–∏,2021-03-08,9844,332,28
280,1JfLoZz14C8,–ö–∞–∫ –ø—Ä–∞–≤–∏–ª—å–Ω–æ –≤—ã—Ç–∏—Ä–∞—Ç—å –∂–µ–ø—É?,2021-03-07,18853,1063,184
281,1ZIjgxQIXpI,–ë–∞–±—É–ª—è –•–∏–∫–∫–∞–Ω–∞ –≤ –≥–æ—Å—Ç—è—Ö —É –£–±–µ—Ä–º–∞—Ä–≥–∏–Ω–∞–ª–∞,2021-03-06,16477,975,118
282,ZVzpkoafLrw,–ú–∞—Ä–≥–∏–Ω–∞–ª –ø—Ä–æ overproduction –ö–Ω–∏–∂–Ω–æ–≥–æ —á–µ–ª–∞,2021-03-05,20017,718,68
283,z-cJ-Gg3o4Y,–ü–æ–ª–Ω–æ–µ —É–Ω–∏—á—Ç–æ–∂–µ–Ω–∏–µ –∞–Ω–∏–º–µ –æ—Ç –£–±–µ—Ä–º–∞—Ä–≥–∏–Ω–∞–ª–∞,2021-03-04,51202,1560,578
284,-HKAN9G-GXk,"–ú–∞—Ä–≥–æ —Å–º–æ—Ç—Ä–∏—Ç –≤—ã–¥—Ä, –µ–Ω–æ—Ç–æ–≤ –∏ –≤—è–ª–æ–≥–æ –ª—å–≤–∞",2021-03-03,11097,394,51
285,EmtrME6Jofg,–ú–∞—Ä–≥–∏–Ω–∞–ª –æ–ø—è—Ç—å —Å–º–æ—Ç—Ä–∏—Ç –õ—é–¥–º–∏–ª—É –∏ –ì–æ–±–∑–∞–≤—Ä–∞,2021-03-02,18875,632,62
286,kIobxzli7U4,–ú–∞—Ä–≥–∏–Ω–∞–ª –∏ –°–∞—Ä–º–∞—Ç –ø—Ä–æ —Ö—Ä–∏—Å—Ç–∏–∞–Ω—Å–∫—É—é —ç—Ç–∏–∫—É,2021-03-02,10377,400,42
287,lwgQF4yznuk,"–ö–æ—Ç –í–∞—Å—å–∫–∞, –ù–∏–∫–æ–ª–∞–π –†–æ—Å–æ–≤ –∏ –í–ª–∞–¥ –ü–∞–Ω–∏—à–µ—Ä –≤ –≥–æ—Å—Ç—è—Ö —É –£–±–µ—Ä–º–∞—Ä–≥–∏–Ω–∞–ª–∞",2021-03-01,48898,1342,392
288,X7ZnlJZuySQ,–ú–∞—Ä–≥–∏–Ω–∞–ª —Å–º–æ—Ç—Ä–∏—Ç –≥–∞–π–¥ –ø–æ –ø–æ—Ö—É–¥–µ–Ω–∏—é —Å –ø–æ–º–æ—â—å—é –ø–∏—â–µ–≤–æ–π –ø–ª—ë–Ω–∫–∏,2021-02-27,24876,827,103
289,VKPb6la9MPI,–ú–∞—Ä–≥–∏–Ω–∞–ª —Å–º–æ—Ç—Ä–∏—Ç –ø—Ä–æ –∫–æ–Ω—Ç—Ä–∏–Ω—Ç—É–∏—Ç–∏–≤–Ω–æ—Å—Ç—å –≤ –∫–∏–Ω–µ–º–∞—Ç–æ–≥—Ä–∞—Ñ–µ,2021-02-27,15953,524,96
290,ng4ztC90F_s,–ú–∞—Ç–µ–º–∞—Ç–∏—á–µ—Å–∫–∞—è –±–µ—Å–µ–¥–∞ —Å –í—Å–µ–≤–æ–ª–æ–¥–æ–º –∏–∑ –Ø–ø–æ–Ω–∏–∏,2021-02-26,8599,337,39
291,YCNA4mgQF2w,–û—Ä–µ–≥–æ–Ω—Å–∫–∏–π —Ö–∞–π–∫–∏–Ω–≥ —Å –£–±–µ—Ä–º–∞—Ä–≥–∏–Ω–∞–ª–æ–º,2021-02-25,28567,1048,217
292,z_zAmcK-9wU,–Æ—Ä–∏—Å—Ç –õ–∏–∑–∞ –≤ –≥–æ—Å—Ç—è—Ö —É –ú–∞—Ä–≥–∏–Ω–∞–ª–∞. –î–µ–∞–Ω–æ–Ω—ã –∏ –ø—Ä–æ—á–µ–µ,2021-02-25,14917,437,93
293,T46qwWfHKj4,–ú–∞—Ä–≥–∏–Ω–∞–ª –∏ –û–ª–µ–≥ –ö–∞—à–∏–Ω –æ–ø—Ä–µ–¥–µ–ª—è—é—Ç –∫—Ç–æ –º—É—Ä–∑–∏–ª–∫–∞,2021-02-24,16513,495,69
294,Wc-zLkAJJbs,–ú–∏—Ä —Ñ–µ–Ω—Ç–µ–∑–∏ —Å –£–±–µ—Ä–º–∞—Ä–≥–∏–Ω–∞–ª–æ–º,2021-02-23,27660,1091,129
295,WL3vRBrd-RI,"–ú–∏–Ω–∏-–≤–µ–±–∏–Ω–∞—Ä –ø–æ —ç—Ç–∏–∫–µ | –•–∞–π–ª–∞–π—Ç, –∫–æ—Ç–æ—Ä—ã–π –Ω–∏–∫—Ç–æ –Ω–µ –ø–æ—Å–º–æ—Ç—Ä–∏—Ç",2021-02-23,10498,601,79
296,NTP3ooyXz_g,–ú–∞—Ä–≥–∏–Ω–∞–ª –≤–Ω–æ–≤—å –∑–∞—â–∏—â–∞–µ—Ç –ø–æ–∑–∏—Ç–∏–≤–∏–∑–º –æ—Ç –º–∞—Ä–∫—Å–∏—Å—Ç–∞,2021-02-22,10881,365,25
297,Zufpc47wVDg,–ê–Ω–∞—Ç–æ–ª–∏–π —Å–æ–±–∏—Ä–∞–µ—Ç—Å—è –≤ –ø–æ—Ö–æ–¥. –î–µ–Ω—å 1. –í—ã–±–æ—Ä —Å–Ω–∞—Ä—è–∂–µ–Ω–∏—è –∏ —Å–æ—Ç–æ–≤–æ–π —Å–≤—è–∑–∏,2021-02-21,20676,807,102
298,QfE-RTopZXY,–ú–µ–¥–∏–∫ –ê–ª–µ–∫—Å–∞–Ω–¥—Ä –≤ –≥–æ—Å—Ç—è—Ö —É –ê–Ω–∞—Ç–æ–ª–∏—è (04.02.2021),2021-02-20,15340,543,54
299,tJXPixSuYQ8,–†—É—Å—Å–∫–∏–π —è–∑—ã–∫ –∫–∞–∫ Gay Lisp –≤ –∞–Ω–≥–ª–∏–π—Å–∫–æ–º / –†–µ–∞–∫—Ü–∏—è –ê–Ω–∞—Ç–æ–ª–∏—è,2021-02-19,20221,827,71
300,1Q7Ur-CHDwg,"–°–µ–º–∞–Ω—Ç–∏–∫–∞ –≤–æ–∑–º–æ–∂–Ω—ã—Ö –º–∏—Ä–æ–≤ | –ú–∞—Ä–≥–∏–Ω–∞–ª, –õ–µ–≤–∏–Ω, –õ–µ–≤—à–∏–Ω, –õ–µ–º–∞–Ω",2021-02-18,11631,481,37
301,cKKMmQw6x5o,–®–µ—Å—Ç—å –¥–µ–º–æ–Ω–æ–≤ –ü—Ä–æ–¥—é—Å–µ—Ä–∞ –∏–≤–∞–Ω–æ–≤–∞,2021-02-10,38332,1053,138
302,K9mAcWa_ows,–ù–ê–® –õ–Æ–ë–ò–ú–´–ô –ö–£–ö–ï–ß,2021-01-25,38053,2051,79
303,Qd93o8I4yR8,–ú–∞—Ä–≥–∏–Ω–∞–ª –Ω–∞ –ü–∞—É—á–∏—Ç–µ–ª—å–Ω—ã—Ö,2021-01-18,32100,784,44
304,ih6uh1ATZdY,–ú–∞—Ä–≥–∏–Ω–∞–ª –Ω–∞ –ü–∞—É—á–∏—Ç–µ–ª—å–Ω—ã—Ö [10.01.21],2021-01-11,33190,803,20
305,RfXhp7QUHzo,–ü–µ–ª—å–º–µ–Ω–Ω—ã–µ –¥–µ–±–∞—Ç—ã [03.01.21],2021-01-06,11125,336,43
306,cfweoNhXpEw,–ú–∞—Ä–≥–∏–Ω–∞–ª –∏ –≤–∏–¥–æ—Å—ã –Ω–∞ –ü–∞—É—á–∏—Ç–µ–ª—å–Ω—ã—Ö –∏—Å—Ç–æ—Ä–∏—è—Ö,2020-12-28,33609,1035,26
307,OTCeuLV4zMw,–ú–∞—Ä–≥–∏–Ω–∞–ª —Å–º–æ—Ç—Ä–∏—Ç –≤–∏–¥–æ—Å—ã –≤ –≥–æ—Å—Ç—è—Ö –Ω–∞ –ü–∞—É—á–∏—Ç–µ–ª—å–Ω—ã—Ö –∏—Å—Ç–æ—Ä–∏—è—Ö,2020-12-21,24736,945,16
308,BBq2JbcqQzk,–ê–±—å—é–∑–∏–≤–Ω—ã–π –∫—É–∫–µ—á –≤ –≥–æ—Å—Ç—è—Ö –Ω–∞ –ü–∞—É—á–∏—Ç–µ–ª—å–Ω—ã—Ö,2020-12-08,11204,358,32
309,y6-zKiDzgq4,–ü–æ—Ö–º–µ–ª—å–Ω—ã–π –∫—É–∫–µ—á –≤ –≥–æ—Å—Ç—è—Ö –Ω–∞ –ü–∞—É—á–∏—Ç–µ–ª—å–Ω—ã—Ö,2020-12-06,8824,304,24
310,r5yHVbG8dq4,–ú–∞—Ä–≥–∏–Ω–∞–ª –≤ –≥–æ—Å—Ç—è—Ö –Ω–∞ –ü–∞—É—á–∏—Ç–µ–ª—å–Ω—ã—Ö | –ê—É–¥–∏–æ–∫–Ω–∏–≥–∞ –û–∑–æ–Ω–∞,2020-12-02,10770,340,29
311,YBFrKfyt8aM,–°—Ç—Ä–∏–º –ø–∞–º—è—Ç–∏ –ñ–≤–∞–Ω–µ—Ü–∫–æ–≥–æ,2020-11-23,7316,211,24
312,uQyXt2_DXIU,–ú–∞—Ä–≥–∏–Ω–∞–ª —Å–º–æ—Ç—Ä–∏—Ç –≤–∏–¥–æ—Å—ã –≤ –≥–æ—Å—Ç—è—Ö –Ω–∞ –ü–∞—É—á–∏—Ç–µ–ª—å–Ω—ã—Ö [15.11.20],2020-11-16,9646,227,19
313,TTt0_PO8rrs,–ú–∞—Ä–≥–∏–Ω–∞–ª —Å–º–æ—Ç—Ä–∏—Ç –≤–∏–¥–æ—Å—ã –≤ –≥–æ—Å—Ç—è—Ö –Ω–∞ –ü–∞—É—á–∏—Ç–µ–ª—å–Ω—ã—Ö,2020-10-19,20406,515,73
314,UufM1dqM9OQ,–ú–∞—Ä–≥–∏–Ω–∞–ª —Å–º–æ—Ç—Ä–∏—Ç –≤–∏–¥–æ—Å—ã –≤ –≥–æ—Å—Ç—è—Ö –Ω–∞ –ü–∞—É—á–∏—Ç–µ–ª—å–Ω—ã—Ö,2020-10-19,5091,116,4
315,d6XGJkRBzzc,–ú–∞—Ä–≥–∏–Ω–∞–ª —Å–º–æ—Ç—Ä–∏—Ç –≤–∏–¥–æ—Å—ã –≤ –≥–æ—Å—Ç—è—Ö –Ω–∞ –ü–∞—É—á–∏—Ç–µ–ª—å–Ω—ã—Ö,2020-10-19,4194,112,2
316,h6af7bY-RKc,–ú–∞—Ä–≥–∏–Ω–∞–ª —Å–º–æ—Ç—Ä–∏—Ç –≤–∏–¥–æ—Å—ã –≤ –≥–æ—Å—Ç—è—Ö –Ω–∞ –ü–∞—É—á–∏—Ç–µ–ª—å–Ω—ã—Ö,2020-10-19,8800,263,3
317,1q1UVBNrks0,–ú–∞—Ä–≥–∏–Ω–∞–ª —Å–º–æ—Ç—Ä–∏—Ç –≤–∏–¥–æ—Å—ã –≤ –≥–æ—Å—Ç—è—Ö –Ω–∞ –ü–∞—É—á–∏—Ç–µ–ª—å–Ω—ã—Ö,2020-10-18,21650,740,13
318,SywZ8cFjELI,–ú–∞—Ä–≥–∏–Ω–∞–ª —Å–º–æ—Ç—Ä–∏—Ç –≤–∏–¥–æ—Å—ã –≤ –≥–æ—Å—Ç—è—Ö –Ω–∞ –ü–∞—É—á–∏—Ç–µ–ª—å–Ω—ã—Ö,2020-10-12,21272,783,23
319,Zr7g0QCRcwM,–ú–∞—Ä–≥–∏–Ω–∞–ª –¥–µ–±–∞—Ç–∏—Ä—É–µ—Ç —Å –∫–∞—Ç–æ–ª–∏–∫–æ–º –≤ –≥–æ—Å—Ç—è—Ö –Ω–∞ –ü–∞—É—á–∏—Ç–µ–ª—å–Ω—ã—Ö,2020-10-05,33448,1288,214
320,SetWJwvqhTQ,–ú–∞—Ä–≥–∏–Ω–∞–ª —Å–º–æ—Ç—Ä–∏—Ç –≤–∏–¥–æ—Å—ã –≤ –≥–æ—Å—Ç—è—Ö [25.09.20],2020-09-26,13149,349,30
321,1o8OcsJAjTc,–ú–∞—Ä–≥–∏–Ω–∞–ª —Å–º–æ—Ç—Ä–∏—Ç –≤–∏–¥–µ–æ –≤ –≥–æ—Å—Ç—è—Ö –Ω–∞ –ü–∞—É—á–∏—Ç–µ–ª—å–Ω—ã—Ö –∏—Å—Ç–æ—Ä–∏—è—Ö,2020-09-21,28685,831,38
322,NGw44Uy4E-0,–£–±–µ—Ä–º–∞—Ä–≥–∏–Ω–∞–ª —Å–º–æ—Ç—Ä–∏—Ç —Ç–æ–ø–æ–≤—ã–π –ø—É–ø –∏ –≤—Å—Ä–∞—Ç–æ–≥–æ –ª—å–≤–∞,2020-08-22,97587,3304,105
323,olIkSbeTLjU,–ú–∞—Ä–≥–∏–Ω–∞–ª —Å–º–æ—Ç—Ä–∏—Ç –≤–∏–¥–æ—Å—ã –≤ –≥–æ—Å—Ç—è—Ö –Ω–∞ –ü–∞—É—á–∏—Ç–µ–ª—å–Ω—ã—Ö –∏—Å—Ç–æ—Ä–∏—è—Ö,2020-08-05,22128,579,39
324,Y12MWLYnipc,–ú–∞—Ä–≥–∏–Ω–∞–ª —Å–º–æ—Ç—Ä–∏—Ç –≤–∏–¥–æ—Å—ã –≤ –≥–æ—Å—Ç—è—Ö –Ω–∞ –ü–∞—É—á–∏—Ç–µ–ª—å–Ω—ã—Ö –∏—Å—Ç–æ—Ä–∏—è—Ö,2020-06-14,27828,656,24
325,p3wnuruA45U,–í–µ–¥—É—â–∏–π –º–∞—Ñ–∏–∏ –ø—Ä–æ –≥–µ–π—Å—Ç–≤–æ –£–±–µ—Ä–º–∞—Ä–≥–∏–Ω–∞–ª–∞,2020-05-23,25437,823,71
326,led-76eXG-s,–ë–µ–∑—É–º–Ω–æ –º–æ–∂–Ω–æ –±—ã—Ç—å –ø–µ—Ä–≤—ã–º...,2020-05-12,198641,5729,257
327,1kkZZhlrwlE,–°–ø–æ–Ω—Å–æ—Ä—Å—Ç–≤–æ –¥–ª—è –∂–µ–ª–∞—é—â–∏—Ö —Å–º–æ—Ç—Ä–µ—Ç—å –∑–∞–ø–∏—Å–∏ —Å—Ç—Ä–∏–º–æ–≤ —Å —Ç–≤–∏—á–∞ –Ω–∞ —é—Ç—É–±–µ,2020-05-02,4490,NULL,35
328,N7F6FnQ6WMA,–°–º–æ—Ç—Ä–∏–º –≤–∏–¥–µ–æ (–¥–æ–ª–≥–æ–∂–¥–∞–Ω–Ω—ã–π —Å—Ç—Ä–∏–º),2020-05-01,15829,485,35
329,IGtqCwpZCi8,"–í –≥–æ—Å—Ç—è—Ö Ubermarginal, HoneyMad –∏ –í–ª–∞—Å–æ–≤.",2020-04-23,28315,1604,87
330,J6rSVp6_2Co,–î–∏—Å—Ç–∞–Ω—Ü–∏–æ–Ω–Ω–æ–µ –æ–±—É—á–µ–Ω–∏–µ –Ω–∞ –∫–∞—Ä–∞–Ω—Ç–∏–Ω–µ –≤–º–µ—Å—Ç–µ —Å –ø–∞—É—á–∏—Ç–µ–ª—å–Ω—ã–º–∏ –∏—Å—Ç–æ—Ä–∏—è–º–∏!,2020-04-15,15303,388,37
331,4F5Qh7FPckk,üî¥–í –≥–æ—Å—Ç—è—Ö –ª–∏–Ω–≥–≤–∏—Å—Ç UeberMarginal. –°–∏–¥–∏–ºüî¥,2020-04-02,9040,264,17
332,rORbXtQ4vSo,üî¥–í –≥–æ—Å—Ç—è—Ö –ª–∏–Ω–≥–≤–∏—Å—Ç-–ø–∞—É–∫ UeberMarginal. –°–º–æ—Ç—Ä–∏–º –≤–∏–¥–æ—Å—ã.üî¥,2020-03-21,13969,480,16
333,By9yybf7q-o,–í –≥–æ—Å—Ç—è—Ö –ª–∏–Ω–≥–≤–∏—Å—Ç –∏–∑ –°–®–ê UeberMarginal. –û–±—â–∞–µ–º—Å—è. –°—Ç—Ä–∏–º –∏–∑ –ø–æ–µ–∑–¥–∞. 3 –º–∞—Ä—Ç–∞ 2020,2020-03-04,15048,280,18
334,lAlnBq6OZ3k,–ü—Ä–æ—Å–º–æ—Ç—Ä –≤–∏–¥–µ–æ. –í –≥–æ—Å—Ç—è—Ö –ª–∏–Ω–≥–≤–∏—Å—Ç –∏–∑ –°–®–ê UeberMarginal. 29 —Ñ–µ–≤—Ä–∞–ª—è 2020,2020-02-29,4713,105,4
335,LHQbHbSDO8s,–ü—Ä–æ—Å–º–æ—Ç—Ä –≤–∏–¥–µ–æ. –≤ –≥–æ—Å—Ç—è—Ö –ª–∏–Ω–≥–≤–∏—Å—Ç UeberMarginal. 28 —Ñ–µ–≤—Ä–∞–ª—è 2020,2020-02-28,8703,201,18
336,GgeF_ORFE14,–ê–ø–¥–µ–π—Ç—ã –ø–æ —Å—Ö–æ–¥–∫–µ UeberMarginal –∏ –ü—Ä–æ–¥—é—Å–µ—Ä –ò–≤–∞–Ω–æ–≤. –í–∏–¥–æ—Å—ã –ø–æ–π–¥–µ–º —Å–º–æ—Ç—Ä–µ—Ç—å –Ω–∞ GG —á—É—Ç—å –ø–æ–∑–∂–µ. 27.02.20,2020-02-27,5790,127,14
337,K4iArbCcOzg,[–≤–Ω–µ—É—Ä–û—á–∫–∞ 27.02.2020] –û–±—Å—É–∂–¥–∞–µ–º —Å—Ö–æ–¥–∫—É. –í –≥–æ—Å—Ç—è—Ö UeberMarginal –∏ @ProducerIvanov Professor Ivanov,2020-02-26,5951,149,7
338,u_wEOy9fN1Y,"–í –≥–æ—Å—Ç—è—Ö –ú–∏—Ö–∞–∏–ª –ü–æ–∂–∞—Ä—Å–∫–∏–π, UeberMarginal –∏ –≤–∏–¥–æ—Å—ã. 25.02.2020",2020-02-26,24040,695,30
339,utcFz7hvfKU,–ü—Ä–æ—Å–º–æ—Ç—Ä –≤–∏–¥–µ–æ 20.02.2020. –í –≥–æ—Å—Ç—è—Ö –ª–∏–Ω–≥–≤–∏—Å—Ç –∏–∑ –°–®–ê UeberMarginal.,2020-02-21,16197,384,13
340,AcgEaiBhWAE,–ü—Ä–æ—Å–º–æ—Ç—Ä –≤–∏–¥–µ–æ. –í –≥–æ—Å—Ç—è—Ö –ª–∏–Ω–≥–≤–∏—Å—Ç –∏–∑ –°–®–ê UeberMarginal. 18.02.2020,2020-02-19,17459,410,10
341,44fORmWCQSA,"–ü—Ä–æ—Å–º–æ—Ç—Ä —Å UeberMarginal. –í–∏–¥–µ–æ: –í–∞—Å–∏–ª, @–Æ—Ä–∏–π –•–æ–≤–∞–Ω—Å–∫–∏–π, @iKakProsto2 –∏ –ò—Å–ª–∞–º vs –ê—Ç–µ–∏–∑–º. 11.02.2020",2020-02-12,22687,597,26
342,CxuBPNemgnA,–ü—Ä–æ—Å–º–æ—Ç—Ä –≤–∏–¥–µ–æ. –í –≥–æ—Å—Ç—è—Ö –ª–∏–Ω–≥–≤–∏—Å—Ç –∏–∑ –°–®–ê UeberMarginal. –û—Ç–≤–µ—Ç @Red Cynic. 7 —Ñ–µ–≤—Ä–∞–ª—è 2020,2020-02-07,18047,496,24
343,BHsDPShuAQQ,–ü—Ä–æ—Å–º–æ—Ç—Ä –≤–∏–¥–µ–æ. –í –≥–æ—Å—Ç—è—Ö –ª–∏–Ω–≥–≤–∏—Å—Ç –∏–∑ –°–®–ê UeberMarginal. 5 —Ñ–µ–≤—Ä–∞–ª—è 2020,2020-02-05,15064,349,9
344,AuWlzbSOp80,–ü—Ä–æ—Å–º–æ—Ç—Ä –≤–∏–¥–µ–æ. –í –≥–æ—Å—Ç—è—Ö –ª–∏–Ω–≥–≤–∏—Å—Ç –∏–∑ –°–®–ê UeberMarginal. 29 —è–Ω–≤–∞—Ä—è 2020,2020-01-29,14983,333,12
345,yfsX07Z8b1Y,–í –≥–æ—Å—Ç—è—Ö –ª–∏–Ω–≥–≤–∏—Å—Ç –∏–∑ –°–®–ê UeberMarginal,2020-01-28,2269,37,0
346,kTvZPTECIRU,–ü—Ä–æ—Å–º–æ—Ç—Ä –≤–∏–¥–µ–æ. –í –≥–æ—Å—Ç—è—Ö –ª–∏–Ω–≥–≤–∏—Å—Ç –∏–∑ –°–®–ê UeberMarginal. 24 —è–Ω–≤–∞—Ä—è 2020,2020-01-24,17145,380,27
347,fb9F-XbYtIU,–ü—Ä–æ—Å–º–æ—Ç—Ä –≤–∏–¥–µ–æ 22.01.2020. –í –≥–æ—Å—Ç—è—Ö UeberMarginal,2020-01-22,18489,371,12
348,U1h3rTDUWXU,"–í –≥–æ—Å—Ç—è—Ö –¥–µ–≤–æ—á–∫–∞ —Å –∫–∞—Ä–µ, –í–∞—Ç–æ–∞–¥–º–∏–Ω –∏ –£–±–µ—Ä–º–∞—Ä–≥–∏–Ω–∞–ª. 17.01.2020",2020-01-17,26463,619,84
349,eSs9m2JjuHM,–ü—Ä–æ—Å–º–æ—Ç—Ä –≤–∏–¥–æ—Å–æ–≤. –í –≥–æ—Å—Ç—è—Ö –£–±–µ—Ä–º–∞—Ä–≥–∏–Ω–∞–ª. 14 —è–Ω–≤–∞—Ä—è 2020,2020-01-15,18759,438,16
350,LmiQhb9SPu4,–ü—Ä–æ—Å–º–æ—Ç—Ä –≤–∏–¥–æ—Å–æ–≤ –Ω–∞ –ü–∞—É—á–∏—Ç–µ–ª—å–Ω—ã—Ö. –í –≥–æ—Å—Ç—è—Ö UeberMarginal,2020-01-08,19799,457,20
351,NGnJkCF6Qy8,–ü—Ä–æ—Å–º–æ—Ç—Ä –≤–∏–¥–æ—Å–æ–≤ –Ω–∞ –ü–∞—É—á–∏—Ç–µ–ª—å–Ω—ã—Ö. –í –≥–æ—Å—Ç—è—Ö UeberMarginal,2020-01-07,5981,125,1
352,uUJCf12wL6g,–í –≥–æ—Å—Ç—è—Ö UeberMarginal. –û—Ç–≤–µ—á–∞–µ—Ç –Ω–∞ –≤–æ–ø—Ä–æ—Å—ã –∏–∑ —á–∞—Ç–∞. 2 —è–Ω–≤–∞—Ä—è 2020,2020-01-02,16155,438,16
353,lVIwz1qdMKE,"–°–µ—Ä–∏–∞–ª –í–µ–¥—å–º–∞–∫. –í –≥–æ—Å—Ç—è—Ö –£–±–µ—Ä–º–∞—Ä–≥–∏–Ω–∞–ª, –ö–∞–¥–∂–∏—Ç –∏ –í–∞—Ç–Ω—ã–π –õ–∏–±–µ—Ä–∞–ª. –û–±—Å—É–∂–¥–∞–µ–º –≤—Å—ë. 29.12.2019",2019-12-29,15777,492,34
354,Q7eoi9C59OM,üî¥–í –≥–æ—Å—Ç—è—Ö –£–±–µ—Ä–º–∞—Ä–≥–∏–Ω–∞–ª. –ü—Ä–æ—Å–º–æ—Ç—Ä –≤–∏–¥–æ—Å–æ–≤üî¥,2019-12-19,10182,233,34
355,IyTA7ePliwQ,–°—É–±–±–æ—Ç–Ω–∏–π –≤–µ—á–µ—Ä –Ω–∞ –ü–∞—É—á–∏—Ç–µ–ª—å–Ω—ã—Ö. –ü—Ä–æ—Å–º–æ—Ç—Ä –≤–∏–¥–æ—Å–æ–≤. –£–±–µ—Ä–º–∞—Ä–≥–∏–Ω–∞–ª,2019-11-24,19607,490,11
356,oAddgvyfPfk,–†–∞–∑–≥–æ–≤–æ—Ä —Å –ø–ª–µ–±–µ—è–º–∏. –ö–æ–Ω—Ñ–µ—Ä–µ–Ω—Ü–∏—è –ú–∞—Ä–≥–∏–Ω–∞–ª–∞ (–ê–ø–æ—Å—Ç–æ–ª –∏ –ü–∞–Ω–∏—à–µ—Ä). –°—É–±–±–æ—Ç–Ω–∏–π –≤–µ—á–µ—Ä,2019-11-17,16165,365,23
357,UrGVuV8cBE0,–í–æ–≤–∞ –ó–æ–ª–æ—Ç–æ–π –∏ –£–±–µ—Ä–º–∞—Ä–≥–∏–Ω–∞–ª. –°—É–±–±–æ—Ç–Ω–∏–π –≤–µ—á–µ—Ä –Ω–∞ –∫–∞–Ω–∞–ª–µ –ü–∞—É—á–∏—Ç–µ–ª—å–Ω—ã–µ –∏—Å—Ç–æ—Ä–∏–∏,2019-11-16,8703,258,17
358,Ryn_lcipMR0,Ueberdebate #8: –°–∞–∫—Ä–∞–º–∞—Ä vs ASTRA. –°—É–ø—Ä–µ–º–∞—Ç–∏–∑–º –ø—Ä–æ—Ç–∏–≤ —Å–∞—Ç–∞–Ω–∏–∑–º–∞.,2019-11-12,45839,1190,89
359,Xwd7su5dyio,–û–±—Å—É–∂–¥–∞–µ–º —Ä—É–∫–∞—Å—Ç—ã—Ö –∏—Å—Ç–æ—Ä–∏–∫–æ–≤ –≤–º–µ—Å—Ç–µ —Å –ö–∞–¥–∂–∏—Ç–æ–º,2019-11-10,25399,728,105
360,FMkUfjOg-o4,–°–º–æ—Ç—Ä–∏–º –≤–∏–¥–æ—Å—ã —Å –ú–∞—Ä–≥–∏–Ω–∞–ª–æ–º. –ö—Ä–∞—Å–Ω—ã–π –¶–∏–Ω–∏–∫ –ß–µ—Ä–Ω–æ–±—ã–ª—å (07.11.2019),2019-11-08,18825,488,30
361,9TBFx0TWZ2I,"–§–∏–ª–æ—Å–æ—Ñ–∏—è —Å –ú–∞—Ä–≥–∏–Ω–∞–ª–æ–º, –°–µ—Ä–≥–µ–µ–º –õ–µ–≤–∏–Ω—ã–º –∏ –ë–æ–≥–¥–∞–Ω–æ–º –§–∞—É–ª–µ–º (05.11.2019)",2019-11-05,13567,458,16
362,6Uzq1HhGJSc,Ueberdebate #7. –ê—Ç–∞—Ä –ó—É—Ä–µ–Ω—Ö–∞–π vs –ë–æ—Ä–∏—Å –ú–æ—Ä–æ–∑–æ–≤. –°–≤–æ–±–æ–¥–∞ –∏–Ω–¥–∏–≤–∏–¥–∞ –ø—Ä–∏ —Å–æ—Ü–∏–∞–ª–∏–∑–º–µ (03.11.2019),2019-11-03,9304,276,20
363,xlj-MK4EHXk,–°–º–æ—Ç—Ä–∏–º –≤–∏–¥–æ—Å—ã —Å –£–±–µ—Ä–º–∞—Ä–≥–∏–Ω–∞–ª–æ–º (29.10.19),2019-10-30,22545,545,16
364,mC-bqLdSzQI,Ueberdebate #6. –°–∞–∫—Ä–∞–º–∞—Ä vs –∞–Ω–∫–∞–ø –õ—ë—à–∞ ¬´–ö–∞–º–µ–Ω–¥–∞–Ω—Ç¬ª –¢–µ—Ä–µ—â—É–∫ (22.10.2019) #2,2019-10-23,19460,526,87
365,uHxtFpzKyUM,Ueberdebate #6. –°–∞–∫—Ä–∞–º–∞—Ä vs –∞–Ω–∫–∞–ø –õ—ë—à–∞ ¬´–ö–∞–º–µ–Ω–¥–∞–Ω—Ç¬ª –¢–µ—Ä–µ—â—É–∫ (22.10.2019) #1,2019-10-22,19644,776,30
366,vrBqVbKG_C4,–ö–æ–ª–ª–µ–∫—Ç–∏–≤–Ω—ã–π —Å–º–æ—Ç—Ä –≤–∏–¥–æ—Å–æ–≤ (19.10.2019),2019-10-20,20637,578,23
367,Rqz6a6bCJXg,–ù–æ—á–Ω–æ–π –ø–æ–¥–≥–æ–Ω. –†–∞–∑–≥–æ–≤–æ—Ä –ø–æ–¥–ø–∏—Å—á–∏–∫–æ–≤ —Å –ú–∞—Ä–≥–∏–Ω–∞–ª–æ–º —á–µ—Ä–µ–∑ –î–∏—Å–∫–æ—Ä–¥ (18.10.2019),2019-10-18,10261,247,23
368,1tGYukx6Qng,Ueberdebate #5. –î–µ–±–∞—Ç—ã –æ —Ñ–µ–º–∏–Ω–∏–∑–º–µ: –î–∏–º–∏—Ç—Ä–∏–π –ö—Ä–∏—Ö–∞–Ω vs –ò–ª—å—è –õ–∞–∑–∞—Ä–µ–≤ –∏–∑ –ó–∞–≥–æ–≤–æ—Ä –ò—Å–∫—É—Å—Å—Ç–≤ (17.10.2019),2019-10-17,11419,443,36
369,V5J4HDCNq6o,–ü–æ—Ö–∏—Ç–∏—Ç–µ–ª—å –ê—Ä–æ–º–∞—Ç–æ–≤ (15.10.2019),2019-10-16,60544,3281,108
370,r7wGTO3JizA,"–ú–∞—Ä–≥–∏–Ω–∞–ª, –ö–∞—Ä–≥–∏–Ω, –ö–∞–ø–∏—Ç–∞–Ω –í–ª–∞–¥, –ë—É—Ä—è—Ç–∫–∞ (12/10/19)",2019-10-13,16075,480,32
371,XgzRtXT4JVc,Ueberdebate #4. –†–æ–º–∞ –ú–µ—Ö–∞–Ω–∏–∫ vs. –î–º–∏—Ç—Ä–∏–π –°–∫—Ä—ã–Ω–Ω–∏–∫. (+ –°–∞–∫—Ä–∞–º–∞—Ä –∏ –ö–∞–ø–∏—Ç–∞–Ω –í–ª–∞–¥),2019-10-09,111281,3124,366
372,vk8sB20Mt5o,–£–±–µ—Ä–º–∞—Ä–≥–∏–Ω–∞–ª –∏ –ñ–º–∏–ª–µ–≤—Å–∫–∏–π —Å–º–æ—Ç—Ä—è—Ç –≤–∏–¥–æ—Å—ã (01/10/2019),2019-10-01,25421,710,32
373,ioxZMKLD4Tc,Ueberdebate #3. –í–∞—Å–∏–ª vs. –î–∞–Ω–∏–∏–ª –ì—Ä–∏–≥–æ—Ä—å–µ–≤. –≠—Ç–∏–∫–∞ –ø—Ä–æ—Ç–∏–≤ —ç–∫–æ–Ω–æ–º–∏–∫–∏ (24.09.2019),2019-09-25,22074,758,104
374,Gp5XFvJqUoo,"Ueberdebate #2. –ó–µ–ª—ë–Ω–æ–∞–¥–º–∏–Ω,  kinoOmich, –ü–æ–≥—Ä–æ–º, –í–ª–∞–¥, –í–∏—Ç—é–Ω—è. –£—Ä–±–∞–Ω–∏—Å—Ç–∏–∫–∞",2019-09-19,18639,607,73
375,IwVZWuhO39E,–ë—É–º–µ—Ä–ú–∞—Ä–≥–∏–Ω–∞–ª –≤ –≥–æ—Å—Ç—è—Ö –Ω–∞ –ü–∞—É—á–∏—Ç–µ–ª—å–Ω—ã—Ö –ò—Å—Ç–æ—Ä–∏—è—Ö,2019-09-18,10940,260,21
376,N_7n0aZ41go,Ueberdebate #1. –ù–µ–π—Ä–æ–±–∏–æ–ª–æ–≥ –í–ª–∞–¥–∏–º–∏—Ä –ê–ª–∏–ø–æ–≤ vs. –í–µ–≥–∞–Ω –ò–ª—å—è –ò–ª—å–∏–Ω. –í–µ–≥–µ—Ç–∞—Ä–∏–∞–Ω—Å—Ç–≤–æ ‚Äî –ø–æ–ª—å–∑–∞ –∏–ª–∏ –≤—Ä–µ–¥?,2019-09-17,25477,998,194
377,FDlp9FDGK5g,Ueberdebate #0. –°–∞–∫—Ä–∞–º–∞—Ä vs Beautiful Monster. –°–ø–æ—Å–æ–±–Ω—ã –ª–∏ –∂–µ–Ω—â–∏–Ω—ã —Å–æ–∑–¥–∞–≤–∞—Ç—å –∫–∞–∫ –º—É–∂—á–∏–Ω—ã?,2019-09-14,24433,1237,50
378,8I4JgrTexcQ,Ueberdebate #0. –°–∞–∫—Ä–∞–º–∞—Ä vs Beautiful Monster. –°–ø–æ—Å–æ–±–Ω—ã –ª–∏ –∂–µ–Ω—â–∏–Ω—ã —Å–æ–∑–¥–∞–≤–∞—Ç—å –∫–∞–∫ –º—É–∂—á–∏–Ω—ã?,2019-09-14,23597,1183,74
379,aRlXhk1-68I,–£–±–µ—Ä–º–∞—Ä–≥–∏–Ω–∞–ª –≤ –≥–æ—Å—Ç—è—Ö –Ω–∞ –ü–∞—É—á–∏—Ç–µ–ª—å–Ω—ã—Ö –∏—Å—Ç–æ—Ä–∏—è—Ö (12.09.2019),2019-09-13,17410,544,26
380,GHfap1Z_VHA,–û–ª–µ–≥ –ö–∞—à–∏–Ω –∏ –£–±–µ—Ä–º–∞—Ä–≥–∏–Ω–∞–ª –≤ –≥–æ—Å—Ç—è—Ö –Ω–∞ –ü–∞—É—á–∏—Ç–µ–ª—å–Ω—ã—Ö –∏—Å—Ç–æ—Ä–∏—è—Ö (10.09.2019),2019-09-11,25314,781,33
381,eJ_IxmUEvRQ,"–•—Ä–∞–±—Ä–æ–≤ —É –ë–æ—è—Ä—à–∏–Ω–æ–≤–∞ #2. –°–º–æ—Ç—Ä—è—Ç –£–±–µ—Ä–º–∞—Ä–≥–∏–Ω–∞–ª, –ñ–º–∏–ª–µ–≤—Å–∫–∏–π –∏ –¥—Ä. (07.09.2019)",2019-09-08,27125,772,27
382,PGKCJJypEfk,–£–±–µ—Ä–º–∞—Ä–≥–∏–Ω–∞–ª –≤ –≥–æ—Å—Ç—è—Ö –Ω–∞ –ü–∞—É—á–∏—Ç–µ–ª—å–Ω—ã—Ö –∏—Å—Ç–æ—Ä–∏—è—Ö (04.09.2019),2019-09-04,11549,457,24
383,eoVNEc04STQ,–ù–æ–≤–æ–µ –ø—Ä–∞–≤–∏—Ç–µ–ª—å—Å—Ç–≤–æ –∏ –í–µ—Ä—Ö–æ–≤–Ω–∞—è –†–∞–¥–∞ –£–∫—Ä–∞–∏–Ω—ã: –ø–µ—Ä–≤—ã–µ –∏–∑–º–µ–Ω–µ–Ω–∏—è –∏ –ø–µ—Ä—Å–ø–µ–∫—Ç–∏–≤—ã (—Å—Ç—Ä–∏–º –ñ–º–∏–ª–µ–≤—Å–∫–æ–≥–æ),2019-09-02,7924,234,7
384,DvCTf4IjhoU,–ú–µ–∂–¥—É–Ω–∞—Ä–æ–¥–Ω–æ –ø—Ä–∞–≤–æ–≤–∞—è —Å–ø–µ—Ü–∏—Ñ–∏–∫–∞ —Ç–µ—Ä—Ä–∏—Ç–æ—Ä–∏–π [–£–¥–∞–ª—ë–Ω–Ω—ã–π —Å—Ç—Ä–∏–º –ñ–º–º–∏–ª–µ–≤—Å–∫–æ–≥–æ],2019-08-31,1480,31,2
385,r6JTSt1Esy0,"–ñ–º–∏–ª–µ–≤—Å–∫–∏–π, Smile Face –∏ Minecraft [–£–¥–∞–ª—ë–Ω–Ω—ã–π —Å—Ç—Ä–∏–º]",2019-08-31,8310,201,28
386,HBgVAfbxIZ8,"–û–±—â–µ–Ω–∏—è –ú–∞—Ä–≥–∏–Ω–∞–ª–∞ —Å–æ –∑—Ä–∏—Ç–µ–ª—è–º–∏, –ø–æ—Ç–æ–º –∞—É–∫—Ü–∏–æ–Ω—ã (29.08.2019)",2019-08-30,14595,401,18
387,fBJFpSk5WuU,–£–±–µ—Ä–º–∞—Ä–≥–∏–Ω–∞–ª —Å–Ω–æ–≤–∞ –≤ –≥–æ—Å—Ç—è—Ö –Ω–∞ –ü–∞—É—á–∏—Ç–µ–ª—å–Ω—ã—Ö –∏—Å—Ç–æ—Ä–∏—è—Ö (24.08.2019),2019-08-24,16402,633,21
388,UrkXlNeVWKU,"–ü—ã—Ç–∞–µ–º—Å—è –¥–æ–±–∏—Ç—å Grand Theft Auto V, –∞ –ø–æ—Å–ª–µ –∏–≥—Ä–æ-—Ñ–∏–ª—å–º–æ–≤—ã–µ –∞—É–∫—Ü–∏–æ–Ω—ã (–∏–≥–æ—Ä—Å—Ç—Ä–∏–º –ñ–º–∏–ª–µ–≤—Å–∫–æ–≥–æ)",2019-08-24,3361,120,0
389,C1l8NR1VnA4,–ê—Å—Å–æ—Ü–∏–∏—Ä–æ–≤–∞–Ω–Ω—ã–µ –≥–æ—Å—É–¥–∞—Ä—Å—Ç–≤–∞ –∫–∞–∫ –æ—Ç–¥–µ–ª—å–Ω—ã–π —Ñ–µ–Ω–æ–º–µ–Ω —ç–ø–æ—Ö–∏ –¥–µ–∫–æ–ª–æ–Ω–∏–∑–∞—Ü–∏–∏ (—Å—Ç—Ä–∏–º –ñ–º–∏–ª–µ–≤—Å–∫–æ–≥–æ),2019-08-22,5369,246,8
390,oazSdl0Va-g,–ò—Ä–∞–Ω: —Å–ø–µ—Ü–∏—Ñ–∏–∫–∞ –≥–æ—Å—É–¥–∞—Ä—Å—Ç–≤–µ–Ω–Ω–æ–≥–æ —Å—Ç—Ä–æ–∏—Ç–µ–ª—å—Å—Ç–≤–∞ –∏ –ø–æ—Å–ª–µ–¥–Ω–∏–µ –º–µ–∂–¥—É–Ω–∞—Ä–æ–¥–Ω—ã–µ —Å–æ–±—ã—Ç–∏—è (—Å—Ç—Ä–∏–º –ñ–º–∏–ª–µ–≤—Å–∫–æ–≥–æ),2019-07-31,5200,167,8
391,OEFINLYlqls,–ú–µ–∂–¥—É–Ω–∞—Ä–æ–¥–Ω–æ-–ø—Ä–∞–≤–æ–≤–∞—è —Å–ø–µ—Ü–∏—Ñ–∏–∫–∞ —Ç–µ—Ä—Ä–∏—Ç–æ—Ä–∏–π: –≤–≤–µ–¥–µ–Ω–∏–µ –≤ –∫—É—Ä—Å (—Å—Ç—Ä–∏–º –ñ–º–∏–ª–µ–≤—Å–∫–æ–≥–æ),2019-07-28,3056,204,1
392,xhOHEyGei7E,–†–æ—Å—Å–∏—è –∏ –°–®–ê: –∏–∑–≤–µ—á–Ω—ã–µ –ø—Ä–æ–±–ª–µ–º—ã –≤—Å–µ–ø–æ–≥–ª–æ—â–∞—é—â–µ–π –≥–µ–æ–ø–æ–ª–∏—Ç–∏–∫–∏ (—Å—Ç—Ä–∏–º –ñ–º–∏–ª–µ–≤—Å–∫–æ–≥–æ),2019-07-27,6168,202,5
393,4-1Zyy4_H9U,"–ü–∞–∂–∏–ª—ã–µ –æ–≥—Ä–∞–±–ª–µ–Ω–∏—è –≤ GTA 5, –ø–æ—Å–ª–µ –∫–æ—Ç–æ—Ä—ã—Ö –∏–≥—Ä–æ-—Ñ–∏–ª—å–º–æ–≤—ã–µ –∞—É–∫—Ü–∏–æ–Ω—ã (–∏–≥–æ—Ä—Å—Ç—Ä–∏–º –ñ–º–∏–ª–µ–≤—Å–∫–æ–≥–æ)",2019-07-26,5999,143,1
394,W4FeNrHfvEI,–ü–æ—Å–ª–µ–¥–Ω–∏–µ –∏–∑–º–µ–Ω–µ–Ω–∏—è –ø–æ Brexit: –Ω–æ–≤—ã–π –ø—Ä–µ–º—å–µ—Ä –∏ —Å—Ç–∞—Ä—ã–µ –ø—Ä–æ–±–ª–µ–º—ã (—Å—Ç—Ä–∏–º –ñ–º–∏–ª–µ–≤—Å–∫–æ–≥–æ),2019-07-25,4603,153,1
395,6zvHuMlUFWc,Election Night –Ω–∞ –Å–ë–ù–ï–ú_TV: –ø–∞—Ä–ª–∞–º–µ–Ω—Ç—Å–∫–∏–µ –≤—ã–±–æ—Ä—ã –Ω–∞ –£–∫—Ä–∞–∏–Ω–µ (—Å—Ç—Ä–∏–º –ñ–º–∏–ª–µ–≤—Å–∫–æ–≥–æ),2019-07-21,6087,244,2
396,-hozojwAzKI,–ò–≥—Ä–æ-—Ñ–∏–ª—å–º–æ–≤—ã–µ –∞—É–∫—Ü–∏–æ–Ω—ã (—Å—Ç—Ä–∏–º –ñ–º–∏–ª–µ–≤—Å–∫–æ–≥–æ),2019-07-20,1034,36,0
397,ZffiNGGFMjg,–ù–∞—á–∏–Ω–∞–µ–º Grand Theft Auto V (–∫–∞–∫ —Ç–æ–ª—å–∫–æ —Å–∫–∞—á–∞–µ—Ç—Å—è) –∏ –∏–≥—Ä–æ-—Ñ–∏–ª—å–º–æ–≤—ã–µ –∞—É–∫–∏ (–∏–≥–æ—Ä—Å—Ç—Ä–∏–º –ñ–º–∏–ª–µ–≤—Å–∫–æ–≥–æ),2019-07-19,7382,239,4
398,qjwz6UWWS5U,–ê—Ä–∞–±—Å–∫–∞—è –≤–µ—Å–Ω–∞: —Ç–µ–∫—Ç–æ–Ω–∏—á–µ—Å–∫–∏–π —Å–¥–≤–∏–≥ –≥–µ–æ–ø–æ–ª–∏—Ç–∏—á–µ—Å–∫–∏—Ö –ø–ª–∏—Ç –∏ –µ–≥–æ –ø–æ—Å–ª–µ–¥—Å—Ç–≤–∏—è (—Å—Ç—Ä–∏–º –ñ–º–∏–ª–µ–≤—Å–∫–æ–≥–æ),2019-07-18,5837,202,5
399,LjRlIr4bzY4,–Ø–Ω –ë–∏–±–µ–Ω—å –≤ –≥–æ—Å—Ç—è—Ö —É –ñ–º–∏–ª–µ–≤—Å–∫–æ–≥–æ (14/07/19),2019-07-15,2407,68,3
400,TIbT4RCrYmE,–î–ï–ë–ê–¢–´ –ñ–ú–ò–õ–ï–í–°–ö–û–ì–û –ò –í–ê–°–ò–õ–ê –ù–ê –¢–ï–ú–£ –ö–†–´–ú–ê (14/07/19),2019-07-15,17911,472,58
401,90k_NG4EDnw,–ë–µ—Å–µ–¥–∞ —Å –ø—Ä–µ–¥—Å—Ç–∞–≤–∏—Ç–µ–ª–µ–º –¥–≤–∏–∂–µ–Ω–∏—è –®–∞—Ö–∞—Ä –ê–ª–µ–∫—Å–∞–Ω–¥—Ä–æ–º –ö–∞—Ä–≥–∏–Ω—ã–º (—Å—Ç—Ä–∏–º –ñ–º–∏–ª–µ–≤—Å–∫–æ–≥–æ),2019-07-13,5477,196,6
402,olZSDQh1Y6c,–ë–µ—Å–µ–¥–∞ —Å –ø—Ä–µ–¥—Å—Ç–∞–≤–∏—Ç–µ–ª–µ–º –¥–≤–∏–∂–µ–Ω–∏—è –®–∞—Ö–∞—Ä –ê–ª–µ–∫—Å–∞–Ω–¥—Ä–æ–º –ö–∞—Ä–≥–∏–Ω—ã–º (—Å—Ç—Ä–∏–º –ñ–º–∏–ª–µ–≤—Å–∫–æ–≥–æ),2019-07-13,1277,40,1
403,-ZwPaVnF_8A,"Star Wars: Knights of the Old Republic, –∞ –ø–æ—Å–ª–µ –∏–≥—Ä–æ-—Ñ–∏–ª—å–º–æ–≤—ã–µ –∞—É–∫—Ü–∏–æ–Ω—ã (–∏–≥–æ—Ä—Å—Ç—Ä–∏–º –ñ–º–∏–ª–µ–≤—Å–∫–æ–≥–æ)",2019-07-12,3517,108,3
404,RArC_QEAhTQ,"Star Wars: Knights of the Old Republic, –∞ –ø–æ—Å–ª–µ –∏–≥—Ä–æ-—Ñ–∏–ª—å–º–æ–≤—ã–µ –∞—É–∫—Ü–∏–æ–Ω—ã (–∏–≥–æ—Ä—Å—Ç—Ä–∏–º –ñ–º–∏–ª–µ–≤—Å–∫–æ–≥–æ)",2019-07-12,1357,57,1
405,TnJJPYG6iBA,–î–ù–† –∏ –õ–ù–†: –ø—Ä–µ–¥–ø–æ—Å—ã–ª–∫–∏ –ø–æ—è–≤–ª–µ–Ω–∏—è –∏ –ø–µ—Ä—Å–ø–µ–∫—Ç–∏–≤—ã –Ω–∞ –±—É–¥—É—â–µ–µ (—Å—Ç—Ä–∏–º –ñ–º–∏–ª–µ–≤—Å–∫–æ–≥–æ),2019-07-11,14895,420,52
406,IV8owZizAxo,–ö–∞—Ç–∞–ª–æ–Ω–∏—è: –±–æ—Ä—å–±–∞ –∑–∞ –Ω–µ–∑–∞–≤–∏—Å–∏–º–æ—Å—Ç—å –∏ –æ—Ç–Ω–æ—à–µ–Ω–∏—è —Å –ò—Å–ø–∞–Ω–∏–µ–π (—Å—Ç—Ä–∏–º –ñ–º–∏–ª–µ–≤—Å–∫–æ–≥–æ),2019-07-10,3743,157,3
407,b3WZyGvttag,–£–∫—Ä–∞–∏–Ω–∞: –ø–æ–ª–∏—Ç–∏—á–µ—Å–∫–∏–µ –ø–∞—Ä—Ç–∏–∏ –∏ –∏—Ö –ø–µ—Ä—Å–ø–µ–∫—Ç–∏–≤—ã –≤ –ø—Ä–µ–¥–¥–≤–µ—Ä–∏–∏ –ø–∞—Ä–ª–∞–º–µ–Ω—Ç—Å–∫–∏—Ö –≤—ã–±–æ—Ä–æ–≤ (—Å—Ç—Ä–∏–º –ñ–º–∏–ª–µ–≤—Å–∫–æ–≥–æ),2019-07-07,NULL,NULL,NULL
408,qQ-CzV3A9f4,–£–∫—Ä–∞–∏–Ω–∞: –ø–æ–ª–∏—Ç–∏—á–µ—Å–∫–∏–µ –ø–∞—Ä—Ç–∏–∏ –∏ –∏—Ö –ø–µ—Ä—Å–ø–µ–∫—Ç–∏–≤—ã –≤ –ø—Ä–µ–¥–¥–≤–µ—Ä–∏–∏ –ø–∞—Ä–ª–∞–º–µ–Ω—Ç—Å–∫–∏—Ö –≤—ã–±–æ—Ä–æ–≤ (—Å—Ç—Ä–∏–º –ñ–º–∏–ª–µ–≤—Å–∫–æ–≥–æ),2019-07-07,NULL,NULL,NULL
409,pj6-47Td_cU,–°–∏—Ä–∏–π—Å–∫–∏–π –∫–æ–Ω—Ñ–ª–∏–∫—Ç: —Ö–æ–¥ —Å–æ–±—ã—Ç–∏–π –∏ —Å–æ–≤—Ä–µ–º–µ–Ω–Ω–æ–µ —Å–æ—Å—Ç–æ—è–Ω–∏–µ (—Å—Ç—Ä–∏–º –ñ–º–∏–ª–µ–≤—Å–∫–æ–≥–æ),2019-07-06,NULL,NULL,NULL
410,pRpcpH3Ip1E,–°–∏—Ä–∏–π—Å–∫–∏–π –∫–æ–Ω—Ñ–ª–∏–∫—Ç: —Ö–æ–¥ —Å–æ–±—ã—Ç–∏–π –∏ —Å–æ–≤—Ä–µ–º–µ–Ω–Ω–æ–µ —Å–æ—Å—Ç–æ—è–Ω–∏–µ (—Å—Ç—Ä–∏–º –ñ–º–∏–ª–µ–≤—Å–∫–æ–≥–æ),2019-07-06,NULL,NULL,NULL
411,yZxakCzW-7E,"–ü—ã—Ç–∞–µ–º—Å—è –¥–æ–±–∏—Ç—å Sleeping Dogs, –∞ –ø–æ—Å–ª–µ –∏–≥—Ä–æ-—Ñ–∏–ª—å–º–æ–≤—ã–µ –∞—É–∫—Ü–∏–æ–Ω—ã (–∏–≥–æ—Ä—Å—Ç—Ä–∏–º –ñ–º–∏–ª–µ–≤—Å–∫–æ–≥–æ)",2019-07-05,3236,111,1
412,JvnOkClD1ZU,–°–∏—Ä–∏–π—Å–∫–∏–π –∫–æ–Ω—Ñ–ª–∏–∫—Ç: –≤–æ–∑–≤—Ä–∞—â–µ–Ω–∏–µ –∫–ª–∞—Å—Å–∏—á–µ—Å–∫–æ–≥–æ –¥–≤—É—Ö–ø–æ–ª—è—Ä–Ω–æ–≥–æ –ø—Ä–æ—Ç–∏–≤–æ—Å—Ç–æ—è–Ω–∏—è (—Å—Ç—Ä–∏–º –ñ–º–∏–ª–µ–≤—Å–∫–æ–≥–æ),2019-07-04,NULL,NULL,NULL
413,UDDeMNKMfwU,"–í 19:00 –æ–∂–∏–¥–∞–µ—Ç—Å—è –ò–ª—å—è –ù–∏–∫–æ–ª–∞–µ–≤–∏—á –∏ –ü–∞–≤–µ–ª –ì—É–º, –∞ –ø–æ–∫–∞ –ø–∞–∂–∏–ª–æ–π —à–ø–∏–æ–Ω–∞–∂ –≤ Jazzpunk (—Å—Ç—Ä–∏–º –ñ–º–∏–ª–µ–≤—Å–∫–æ–≥–æ)",2019-07-03,NULL,NULL,NULL
414,W5wLBzlCm9Y,–ö–∞—Ä–∞–±–∞—Ö—Å–∫–∏–π –∫–æ–Ω—Ñ–ª–∏–∫—Ç: —Ä–∞–∑–¥–µ–ª–µ–Ω–∏–µ —Ç–µ—Ä—Ä–∏—Ç–æ—Ä–∏–π –∫–∞–∫ –±–æ–º–±–∞ –∑–∞–º–µ–¥–ª–µ–Ω–Ω–æ–≥–æ –¥–µ–π—Å—Ç–≤–∏—è (—Å—Ç—Ä–∏–º –ñ–º–∏–ª–µ–≤—Å–∫–æ–≥–æ),2019-06-30,NULL,NULL,NULL
415,EiSI90QARQ0,G-20 –∏ –ø–µ—Ä–µ–º–µ–Ω–Ω—ã–µ —Ä–µ–∑—É–ª—å—Ç–∞—Ç—ã –≤ –º–µ–∂–¥—É–Ω–∞—Ä–æ–¥–Ω–æ–º —ç–∫–æ–Ω–æ–º–∏—á–µ—Å–∫–æ–º —Å–æ—Ç—Ä—É–¥–Ω–∏—á–µ—Å—Ç–≤–µ (—Å—Ç—Ä–∏–º –ñ–º–∏–ª–µ–≤—Å–∫–æ–≥–æ),2019-06-29,3235,118,2
416,NcnYLdOlGRY,2 —Å—Ç—Ä–∏–º–∞ –∑–∞ –æ–¥–∏–Ω –¥–µ–Ω—å? –î–∞ –±—ã—Ç—å —Ç–æ–≥–æ –Ω–µ –º–æ–∂–µ—Ç: –∞ –Ω—É –¥–∞–≤–∞–π –∞—É–∫ (—Å—Ç—Ä–∏–º –ñ–º–∏–ª–µ–≤—Å–∫–æ–≥–æ),2019-06-29,2706,101,7
417,r2F0iL-ID-k,Ping-Pong –ø—Ä–æ–¥–æ–ª–∂–∞–µ—Ç—Å—è: Sleeping Dogs –∏ –∏–≥—Ä–æ-—Ñ–∏–ª—å–º–æ–≤—ã–µ –∞—É–∫—Ü–∏–æ–Ω—ã (–∏–≥–æ—Ä—Å—Ç—Ä–∏–º –ñ–º–∏–ª–µ–≤—Å–∫–æ–≥–æ),2019-06-28,4652,155,3
418,Mo4BgUdFjec,"–ü–ê–°–ï (–∏ –≤–µ—Å—å –°–æ–≤–µ—Ç –ï–≤—Ä–æ–ø—ã): —Ç–∞–∫ —ç—Ç–æ, –æ–∫–∞–∑—ã–≤–∞–µ—Ç—Å—è, –Ω—É–∂–Ω–æ –†–æ—Å—Å–∏–∏? (—Å—Ç—Ä–∏–º –ñ–º–∏–ª–µ–≤—Å–∫–æ–≥–æ)",2019-06-27,3035,121,4
419,cBYQ2RKIdow,–ü—Ä–∏–¥–Ω–µ—Å—Ç—Ä–æ–≤—å–µ: –ø–æ—Å–æ–±–∏–µ –ø–æ –≤—ã–∂–∏–≤–∞–Ω–∏—é –∑–∞–º–∫–Ω—É—Ç—ã—Ö —Ç–µ—Ä—Ä–∏—Ç–æ—Ä–∏–π (—Å—Ç—Ä–∏–º –ñ–º–∏–ª–µ–≤—Å–∫–æ–≥–æ),2019-06-23,6389,223,9
420,HTeCLsA9kXY,–†–æ—Å—Å–∏—è –∏ –ì—Ä—É–∑–∏—è: –±–µ—Å–∫–æ–Ω–µ—á–Ω—ã–π –∫—Ä–∏–∑–∏—Å –≤ –∫–æ–Ω—Ç–µ–∫—Å—Ç–µ –ø—Ä–∞–≥–º–∞—Ç–∏—á–Ω—ã—Ö —Å–≤—è–∑–µ–π (—Å—Ç—Ä–∏–º –ñ–º–∏–ª–µ–≤—Å–∫–æ–≥–æ),2019-06-22,6439,199,18
421,KZEpuiQN2mk,–†–æ—Å—Å–∏—è –∏ –ì—Ä—É–∑–∏—è: –±–µ—Å–∫–æ–Ω–µ—á–Ω—ã–π –∫—Ä–∏–∑–∏—Å –≤ –∫–æ–Ω—Ç–µ–∫—Å—Ç–µ –ø—Ä–∞–≥–º–∞—Ç–∏—á–Ω—ã—Ö —Å–≤—è–∑–µ–π (—Å—Ç—Ä–∏–º –ñ–º–∏–ª–µ–≤—Å–∫–æ–≥–æ),2019-06-22,3851,148,2
422,GD5XljE_tYE,–ü–∞–∂–∏–ª—ã–µ —Å–∞–ø—ë—Ä—ã –∏–¥—É—Ç –¥–æ –ø–æ–±–µ–¥–Ω–æ–≥–æ: Keep Talking and Nobody Explodes –∏ –∞—É–∫–∏ (–∏–≥–æ—Ä—Å—Ç—Ä–∏–º –ñ–º–∏–ª–µ–≤—Å–∫–æ–≥–æ),2019-06-22,3614,142,0
423,fP2CbDZOpEw,–ü–∞–∂–∏–ª—ã–µ —Å–∞–ø—ë—Ä—ã –∏–¥—É—Ç –¥–æ –ø–æ–±–µ–¥–Ω–æ–≥–æ: Keep Talking and Nobody Explodes –∏ –∞—É–∫–∏ (–∏–≥–æ—Ä—Å—Ç—Ä–∏–º –ñ–º–∏–ª–µ–≤—Å–∫–æ–≥–æ),2019-06-21,1379,92,0
424,vCv7ORWPTLc,–û–±—Å—É–∂–¥–∞–µ–º –∏—Ç–æ–≥–∏ –ø—Ä—è–º–æ–π –ª–∏–Ω–∏–∏ —Å –í–ª–∞–¥–∏–º–∏—Ä–æ–º –ü—É—Ç–∏–Ω—ã–º (—Å—Ç—Ä–∏–º –ñ–º–∏–ª–µ–≤—Å–∫–æ–≥–æ),2019-06-20,14586,515,8
425,acxKN1esjYQ,–£–∫—Ä–∞–∏–Ω–∞: –¥–æ—Å—Ä–æ—á–Ω—ã–µ –ø–∞—Ä–ª–∞–º–µ–Ω—Ç—Å–∫–∏–µ –≤—ã–±–æ—Ä—ã –∏ —Ä–µ—à–µ–Ω–∏–µ –ö–æ–Ω—Å—Ç–∏—Ç—É—Ü–∏–æ–Ω–Ω–æ–≥–æ —Å—É–¥–∞ (—Å—Ç—Ä–∏–º –ñ–º–∏–ª–µ–≤—Å–∫–æ–≥–æ),2019-06-19,NULL,NULL,NULL
426,OaYUWEoiCfE,–ü–∞–∂–∏–ª—ã–µ —Å–∞–ø—ë—Ä—ã –≤ Keep Talking and Nobody Explodes (—Å—Ç—Ä–∏–º –ñ–º–∏–ª–µ–≤—Å–∫–æ–≥–æ),2019-06-15,NULL,NULL,NULL
427,0s6RgAR7_qE,Ping Pong in Hong Kong: Sleeping Dogs –∏ –∏–≥—Ä–æ-—Ñ–∏–ª—å–º–æ–≤—ã–µ –∞—É–∫–∏ (–∏–≥–æ—Ä—Å—Ç—Ä–∏–º –ñ–º–∏–ª–µ–≤—Å–∫–æ–≥–æ),2019-06-15,4707,148,0
428,U60W6TN14lA,–¢—É–ø–∞ —á–∏–ª–ª–∏–º –∏ –æ–±—â–∞–µ–º—Å—è –ø–æ–¥ Beholder 2 (—Å—Ç—Ä–∏–º –ñ–º–∏–ª–µ–≤—Å–∫–æ–≥–æ),2019-06-13,4221,150,1
429,uWMjyR-P4Rs,–ü–æ—Å–ª–µ–¥–Ω–∏–µ —Å–æ–±—ã—Ç–∏—è –≤ –ú–æ–ª–¥–∞–≤–∏–∏: –¥–≤–æ–µ–≤–ª–∞—Å—Ç–∏–µ –∫–∞–∫ –∏—Ç–æ–≥ –ø–æ–ª–∏—Ç–∏—á–µ—Å–∫–æ–π –∞–≥–æ–Ω–∏–∏ (—Å—Ç—Ä–∏–º –ñ–º–∏–ª–µ–≤—Å–∫–æ–≥–æ),2019-06-12,4329,148,2
430,4ksRKxEM5VQ,"–ü–æ–ø—Ä–æ–±—É–µ–º –ø–æ–∏–≥—Ä–∞—Ç—å –≤ The Ship —Å–æ –∑—Ä–∏—Ç–µ–ª—è–º–∏, –∞ –≤ 21:00 –æ–∂–∏–¥–∞–µ—Ç—Å—è –û–ª—å–≥–µ—Ä–¥ (—Å—Ç—Ä–∏–º –ñ–º–∏–ª–µ–≤—Å–∫–æ–≥–æ)",2019-06-06,4565,141,2
431,oJqpzoZu8iY,–í—ã–±–æ—Ä—ã –≤ –ï–≤—Ä–æ–ø–∞—Ä–ª–∞–º–µ–Ω—Ç: –ø–æ—Å–ª–µ–¥—Å—Ç–≤–∏—è –∏ –ø–µ—Ä—Å–ø–µ–∫—Ç–∏–≤—ã –æ—Ç–Ω–æ—à–µ–Ω–∏–π —Å –†–æ—Å—Å–∏–µ–π (—Å—Ç—Ä–∏–º –ñ–º–∏–ª–µ–≤—Å–∫–æ–≥–æ),2019-06-05,4802,188,6
432,tmr9JqLoIiw,–°–µ—Ä–±–∏—è –∏ –ö–æ—Å–æ–≤–æ: –∫–æ–Ω—Ñ–ª–∏–∫—Ç –¥–ª–∏–Ω–æ—é –≤ –≤–µ—á–Ω–æ—Å—Ç—å (—Å—Ç—Ä–∏–º –ñ–º–∏–ª–µ–≤—Å–∫–æ–≥–æ),2019-06-02,NULL,NULL,NULL
433,fXc0JZO2dqw,"–ü–æ–¥–≤–æ–¥–∏–º –∏—Ç–æ–≥–∏ –≤—Å—Ç—Ä–µ—á–∏ –≤ –ú–æ—Å–∫–≤–µ –∏, –º–æ–∂–µ—Ç, –ø–æ–∏–≥—Ä–∞–µ–º –≤–æ —á—Ç–æ-–Ω–∏–±—É–¥—å (—Å—Ç—Ä–∏–º –ñ–º–∏–ª–µ–≤—Å–∫–æ–≥–æ)",2019-06-01,7889,263,1
434,HSWfFGf9kZA,Bully: scholarship edition –∏ –ê–£–ö–ò - –ø—Ä–æ–¥–æ–ª–∂–µ–Ω–∏–µ –ø–∞–∂–∏–ª–æ–≥–æ –º–∞—Ä–∞—Ñ–æ–Ω–∞ (–∏–≥–æ—Ä—Å—Ç—Ä–∏–º –ñ–º–∏–ª–µ–≤—Å–∫–æ–≥–æ),2019-05-30,4210,143,4
435,IXW3zHCuYc0,–ü–∞–∂–∏–ª–æ–π –º–∞—Ä–∞—Ñ–æ–Ω –¥–æ–±–∏–≤–∞–Ω–∏—è –∏–≥—Ä—ã SOMA + –ê–£–ö–ò —Å –ø–µ—Ä–µ—Ä—ã–≤–æ–º –Ω–∞ –æ–±—â–µ–Ω–∏–µ —Å –ï–≥–æ—Ä–æ–º (–∏–≥–æ—Ä—Å—Ç—Ä–∏–º –ñ–º–∏–ª–µ–≤—Å–∫–æ–≥–æ),2019-05-29,6411,198,1
436,jan06bOsPz4,"–ü—Ä–æ—Å–ª—É—à–∫–∞ —Å –ú–∞—Ä–≥–∏–Ω–∞–ª–æ–º, –Ø–Ω–æ–º –∏ –í–∞—Å–∏–ª–æ–º (—Å—Ç—Ä–∏–º –ñ–º–∏–ª–µ–≤—Å–∫–æ–≥–æ)",2019-05-27,24728,759,60
437,LX_Q9x4sQRY,–†–æ—Å—Å–∏—è –∏ –¢—É—Ä—Ü–∏—è: –ø–∞—Ä—Ç–Ω—ë—Ä—Å—Ç–≤–æ —Ä–∞–¥–∏ –º–∏—Ä–∞ (—Å—Ç—Ä–∏–º –ñ–º–∏–ª–µ–≤—Å–∫–æ–≥–æ),2019-05-25,6423,241,7
438,drCwKCGTOZE,SOMA –∏ –∑–∞–ø–ª–∞–Ω–∏—Ä–æ–≤–∞–Ω–Ω—ã–µ –∞—É–∫–∏ (–∏–≥–æ—Ä—Å—Ç—Ä–∏–º –ñ–º–∏–ª–µ–≤—Å–∫–æ–≥–æ),2019-05-24,4292,181,3
439,_Nft3iX49bc,–≠–ø–æ—Ö–∞ –ï–ª—å—Ü–∏–Ω–∞ –Ω–∞—á–∞–ª–∞ 90-—Ö –≥–æ–¥–æ–≤: –¥–∏—Å–∫—É—Å—Å–∏—è —Å –í–µ—á–Ω—ã–º –û–ø–ø–æ–∑–∏—Ü–∏–æ–Ω–µ—Ä–æ–º (—Å—Ç—Ä–∏–º –ñ–º–∏–ª–µ–≤—Å–∫–æ–≥–æ),2019-05-22,8546,288,8
440,5pHMQJElyTg,–û –º–µ–∂–¥—É–Ω–∞—Ä–æ–¥–Ω—ã—Ö –æ—Ç–Ω–æ—à–µ–Ω–∏—è—Ö —Å –∫–æ–º–∞–Ω–¥–æ–π –≥—Ä—É–ø–ø—ã –ö–ª–∞—Å—Å–∏—á–µ—Å–∫–∏–π –ª–∏–±–µ—Ä–∞–ª (—Å—Ç—Ä–∏–º –ñ–º–∏–ª–µ–≤—Å–∫–æ–≥–æ),2019-05-21,2652,102,1
441,rqsFBqIde6s,–û –º–µ–∂–¥—É–Ω–∞—Ä–æ–¥–Ω—ã—Ö –æ—Ç–Ω–æ—à–µ–Ω–∏—è—Ö —Å –∫–æ–º–∞–Ω–¥–æ–π –≥—Ä—É–ø–ø—ã –ö–ª–∞—Å—Å–∏—á–µ—Å–∫–∏–π –ª–∏–±–µ—Ä–∞–ª (—Å—Ç—Ä–∏–º –ñ–º–∏–ª–µ–≤—Å–∫–æ–≥–æ),2019-05-21,NULL,NULL,NULL
442,We7XoPDGU8g,GTA: SAN ANDREAS –∏ –≤–Ω–µ–ø–ª–∞–Ω–æ–≤—ã–µ –∞—É–∫–∏ (—Å–ø–æ–Ω—Ç–∞–Ω–Ω—ã–π –∏–≥–æ—Ä—Å—Ç—Ä–∏–º –ñ–º–∏–ª–µ–≤—Å–∫–æ–≥–æ),2019-05-20,NULL,NULL,NULL
443,KH06iATKNOw,–ö—É—Ä–¥–∏—Å—Ç–∞–Ω: –∏—Å—Ç–æ—Ä–∏—è –Ω–µ—Å–±—ã–≤—à–µ–π—Å—è –º–µ—á—Ç—ã –∏ —Å–æ–≤—Ä–µ–º–µ–Ω–Ω–∞—è –±–æ—Ä—å–±–∞ –∑–∞ –µ—ë –∏—Å–ø–æ–ª–Ω–µ–Ω–∏–µ (—Å—Ç—Ä–∏–º –ñ–º–∏–ª–µ–≤—Å–∫–æ–≥–æ),2019-05-19,6188,248,12
444,rT236mlkz1s,–ê—Ñ–≥–∞–Ω–∏—Å—Ç–∞–Ω: –ø—Ä–µ—Ä–≤–∞–Ω–Ω—ã–π –ø–æ–ª—ë—Ç –∫ –¥–µ–º–æ–∫—Ä–∞—Ç–∏–∏ –∏ —Å–æ–≤—Ä–µ–º–µ–Ω–Ω–æ–µ –ø–æ–ª–æ–∂–µ–Ω–∏–µ –¥–µ–ª (—Å—Ç—Ä–∏–º –ñ–º–∏–ª–µ–≤—Å–∫–æ–≥–æ),2019-05-18,6509,277,4
445,2uzl2Vq45YU,GTA: SAN ANDREAS –∏ —Å—Ç–∞–Ω–¥–∞—Ä—Ç–Ω—ã–µ –∞—É–∫–∏ (–∏–≥–æ—Ä—Å—Ç—Ä–∏–º –ñ–º–∏–ª–µ–≤—Å–∫–æ–≥–æ),2019-05-18,6132,224,5
446,MFLM-SwKE3I,–ö–∞–¥–∂–∏—Ç –≤ –≥–æ—Å—Ç—è—Ö —É –ñ–º–∏–ª–µ–≤—Å–∫–æ–≥–æ (16/05/2019),2019-05-16,6154,223,3
447,KGTMEtg4pEY,–ö–∞–¥–∂–∏—Ç –≤ –≥–æ—Å—Ç—è—Ö —É –ñ–º–∏–ª–µ–≤—Å–∫–æ–≥–æ (16/05/2019),2019-05-16,4029,151,3
448,AnKT0B4QF7Q,–†–æ—Å—Å–∏—è –∏ –°–ù–ì: –∏—Å—Ç–æ—Ä–∏—è –≤–∑–∞–∏–º–æ–æ—Ç–Ω–æ—à–µ–Ω–∏–π –∏ —Å–æ–≤—Ä–µ–º–µ–Ω–Ω–æ–µ –ø–æ–ª–æ–∂–µ–Ω–∏–µ –¥–µ–ª (—Å—Ç—Ä–∏–º –ñ–º–∏–ª–µ–≤—Å–∫–æ–≥–æ),2019-05-15,7531,321,5
449,dT0tKBmGd6c,–í–∞—Ç–æ–∞–¥–º–∏–Ω vs –°—ë–º–∏–Ω: –¥–µ–±–∞—Ç—ã —É –°–≤–µ—Ç–æ–≤–∞ (—Å—Ç—Ä–∏–º-—Ä–∞–∑–±–æ—Ä –ñ–º–∏–ª–µ–≤—Å–∫–æ–≥–æ),2019-05-14,46745,1342,101
450,KbW6cvWIi6g,–ê—Ñ–≥–∞–Ω–∏—Å—Ç–∞–Ω: –∏—Å—Ç–æ—Ä–∏—è –±–µ—Å–∫–æ–Ω–µ—á–Ω–æ–π –≤–æ–π–Ω—ã (—Å—Ç—Ä–∏–º –ñ–º–∏–ª–µ–≤—Å–∫–æ–≥–æ),2019-05-08,3402,137,3
451,99cLZQbWXNo,–ê—Ñ–≥–∞–Ω–∏—Å—Ç–∞–Ω: –∏—Å—Ç–æ—Ä–∏—è –±–µ—Å–∫–æ–Ω–µ—á–Ω–æ–π –≤–æ–π–Ω—ã (—Å—Ç—Ä–∏–º –ñ–º–∏–ª–µ–≤—Å–∫–æ–≥–æ),2019-05-08,10319,393,8
452,lJUW0sJna6o,–ö–æ—Ä–µ–π—Å–∫–∏–π –∫—Ä–∏–∑–∏—Å: –∏—Å—Ç–æ—Ä–∏—è –≤–æ–∑–Ω–∏–∫–Ω–æ–≤–µ–Ω–∏—è –∏ —Å–æ–≤—Ä–µ–º–µ–Ω–Ω–æ–µ —Å–æ—Å—Ç–æ—è–Ω–∏–µ (—Å—Ç—Ä–∏–º –ñ–º–∏–ª–µ–≤—Å–∫–æ–≥–æ),2019-05-06,9160,355,9
453,rl3URS9Q5Vw,–ü–∞—Å–ø–æ—Ä—Ç–∞ –¥–ª—è –∂–∏—Ç–µ–ª–µ–π –î–æ–Ω–±–∞—Å—Å–∞: –ø—Ä–µ–¥–ø–æ—Å—ã–ª–∫–∏ –∏ –æ—Å–æ–±–µ–Ω–Ω–æ—Å—Ç–∏ –ø–æ–ª—É—á–µ–Ω–∏—è (—Å—Ç—Ä–∏–º –ñ–º–∏–ª–µ–≤—Å–∫–æ–≥–æ),2019-05-04,5704,259,13
454,6GeuNymobZc,Mafia: The City of Lost Heaven –∏ –∏–≥—Ä–æ-—Ñ–∏–ª—å–º–æ–≤—ã–µ –∞—É–∫–∏ (–∏–≥–æ—Ä—Å—Ç—Ä–∏–º –ñ–º–∏–ª–µ–≤—Å–∫–æ–≥–æ),2019-05-03,6687,236,3
455,ly-2R7NP6fs,–ö–∏—Ç–∞–π: —Å–ø–µ—Ü–∏—Ñ–∏–∫–∞ –≥–æ—Å—É–¥–∞—Ä—Å—Ç–≤–µ–Ω–Ω–æ–≥–æ —É—Å—Ç—Ä–æ–π—Å—Ç–≤–∞ –∏ –æ—Å–æ–±–µ–Ω–Ω–æ—Å—Ç–∏ –º–µ–∂–¥—É–Ω–∞—Ä–æ–¥–Ω—ã—Ö —Å–≤—è–∑–µ–π (—Å—Ç—Ä–∏–º –ñ–º–∏–ª–µ–≤—Å–∫–æ–≥–æ),2019-05-02,NULL,NULL,NULL
456,qCFVo2oCfFk,–ö—Ä–∏–∑–∏—Å –≤ –í–µ–Ω–µ—Å—É—ç–ª–µ: –ø—Ä–µ–¥–ø–æ—Å—ã–ª–∫–∏ –∏ —Å–æ–≤—Ä–µ–º–µ–Ω–Ω–æ–µ –ø–æ–ª–æ–∂–µ–Ω–∏–µ (—Å—Ç—Ä–∏–º –ñ–º–∏–ª–µ–≤—Å–∫–æ–≥–æ),2019-05-01,7343,318,3
457,emmGfDzQEkw,–û –º–µ–∂–¥—É–Ω–∞—Ä–æ–¥–Ω—ã—Ö –æ—Ç–Ω–æ—à–µ–Ω–∏—è—Ö —Å –ö–∏—Ä–∏–ª–ª–æ–º –ù–∞—Å—Ç–æ—è—â–∏–º –≤ –∫–∞—á–µ—Å—Ç–≤–µ –≥–æ—Å—Ç—è (—Å—Ç—Ä–∏–º –ñ–º–∏–ª–µ–≤—Å–∫–æ–≥–æ),2019-04-27,NULL,NULL,NULL
458,cads1nF1lio,Mafia: The City of Lost Heaven –∏ –∏–≥—Ä–æ–≤—ã–µ –∞—É–∫–∏ (–∏–≥–æ—Ä—Å—Ç—Ä–∏–º –ñ–º–∏–ª–µ–≤—Å–∫–æ–≥–æ),2019-04-27,8013,159,2
459,xYPwgKwfY6Q,–ö—Ä–∞—Ç–∫–∏–π —Ä–∞–∑–±–æ—Ä —Å–æ–±—ã—Ç–∏–π 2014 –≥–æ–¥–∞ –Ω–∞ –ú–∞–π–¥–∞–Ω–µ (—Å—Ç—Ä–∏–º –ñ–º–∏–ª–µ–≤—Å–∫–æ–≥–æ),2019-04-25,12755,414,14
460,jR2twl2zV58,–î–µ–±–∞—Ç—ã –ü–æ—Ä–æ—à–µ–Ω–∫–æ –∏ –ó–µ–ª–µ–Ω—Å–∫–æ–≥–æ (—Ä–∞–∑–±–æ—Ä –ñ–º–∏–ª–µ–≤—Å–∫–æ–≥–æ)(–±–µ–∑ —Ç—Ä–µ—à–∞ –ø–æ—Å–ª–µ —Ä–∞–∑–±–æ—Ä–∞),2019-04-23,24587,897,17
461,HUCDM0ZihVA,–°—Ç—Ä–∏–º –ñ–º–∏–ª–µ–≤—Å–∫–æ–≥–æ –∏ –•—Ä–∞–±—Ä–æ–≤–∞,2019-04-22,6899,263,5
462,Mgh4zbFvGCA,Beyond Good &amp; Evil + –≤–æ–∑–º–æ–∂–Ω—ã –∏–≥—Ä–æ–≤—ã–µ –∞—É–∫–∏ (–∏–≥–æ—Ä—Å—Ç—Ä–∏–º –ñ–º–∏–ª–µ–≤—Å–∫–æ–≥–æ),2019-04-20,5894,198,0
463,_7zCNjBwagc,–ò—Ä–∞–Ω–æ-–∏—Ä–∞–∫—Å–∫–∏–π –∫–æ–Ω—Ñ–ª–∏–∫—Ç –≤ –∫–æ–Ω—Ç–µ–∫—Å—Ç–µ –ø—Ä—è–º–æ–≥–æ –∏—Å–ø–æ–ª–Ω–µ–Ω–∏—è —Ç–µ–æ—Ä–∏–∏ —É–ø—Ä–∞–≤–ª—è–µ–º–æ–≥–æ —Ö–∞–æ—Å–∞ (—Å—Ç—Ä–∏–º –ñ–º–∏–ª–µ–≤—Å–∫–æ–≥–æ),2019-04-18,1916,67,0
464,9j_bamyD4wI,–ò—Ä–∞–Ω–æ-–∏—Ä–∞–∫—Å–∫–∏–π –∫–æ–Ω—Ñ–ª–∏–∫—Ç –≤ –∫–æ–Ω—Ç–µ–∫—Å—Ç–µ –ø—Ä—è–º–æ–≥–æ –∏—Å–ø–æ–ª–Ω–µ–Ω–∏—è —Ç–µ–æ—Ä–∏–∏ —É–ø—Ä–∞–≤–ª—è–µ–º–æ–≥–æ —Ö–∞–æ—Å–∞ (—Å—Ç—Ä–∏–º –ñ–º–∏–ª–µ–≤—Å–∫–æ–≥–æ),2019-04-18,6967,277,4
465,d1NJaDjdiIM,–ö—Ä–∞—Ç–∫–∞—è –∏—Å—Ç–æ—Ä–∏—è –∏ –æ—Å–æ–±–µ–Ω–Ω–æ—Å—Ç–∏ –¥–∏–ø–ª–æ–º–∞—Ç–∏–∏ –Ω–æ–≤–µ–π—à–µ–π –†–æ—Å—Å–∏–∏ (—Å—Ç—Ä–∏–º –ñ–º–∏–ª–µ–≤—Å–∫–æ–≥–æ),2019-04-18,10473,405,4
466,OqvR7QlH3A8,–î–µ–±–∞—Ç—ã –∏–º–µ–Ω–∏ –ü–µ—Ç—Ä–∞ –ü–æ—Ä–æ—à–µ–Ω–∫–æ —Å –í–ª–∞–¥–∏–º–∏—Ä–æ–º –ó–µ–ª–µ–Ω—Å–∫–∏–º (—Å—Ç—Ä–∏–º-—Ä–∞–∑–±–æ—Ä –ñ–º–∏–ª–µ–≤—Å–∫–æ–≥–æ),2019-04-14,NULL,NULL,NULL
467,Tih1nzS3NKE,–ë–æ–ª—å—à–∞—è –∏–≥—Ä–∞: –∏—Å—Ç–æ—Ä–∏—á–µ—Å–∫–∏–π –∫–æ–Ω—Ç–µ–∫—Å—Ç –∏ —Å–æ–≤—Ä–µ–º–µ–Ω–Ω–∞—è —Ä–µ–∞–ª—å–Ω–æ—Å—Ç—å (—Å—Ç—Ä–∏–º –ñ–º–∏–ª–µ–≤—Å–∫–æ–≥–æ),2019-04-14,5500,221,5
468,9uhVAiv94qU,Beyond Good &amp; Evil + –∏–≥—Ä–æ–≤—ã–µ –∞—É–∫–∏ (–∏–≥–æ—Ä—Å—Ç—Ä–∏–º –ñ–º–∏–ª–µ–≤—Å–∫–æ–≥–æ),2019-04-12,4971,186,1
469,AJHqPjIpxWM,–ü–æ—Å–ª–µ–¥–Ω–∏–µ –ø–æ–ª–∏—Ç–∏—á–µ—Å–∫–∏–µ —Å–æ–±—ã—Ç–∏—è –±–ª–∏–∂–Ω–µ–≥–æ –∏ –¥–∞–ª—å–Ω–µ–≥–æ –∑–∞—Ä—É–±–µ–∂—å—è (—Å—Ç—Ä–∏–º –ñ–º–∏–ª–µ–≤—Å–∫–æ–≥–æ) - 1 —á–∞—Å—Ç—å,2019-04-10,NULL,NULL,NULL
470,DSia5Oo9bLo,–õ–∏–≤–∏–π—Å–∫–∏–π –∫–æ–Ω—Ñ–ª–∏–∫—Ç: –∏—Å—Ç–æ—Ä–∏—á–µ—Å–∫–∏–µ –æ—Å–æ–±–µ–Ω–Ω–æ—Å—Ç–∏ –∏ —Å–æ–≤—Ä–µ–º–µ–Ω–Ω–æ–µ –ø–æ–ª–æ–∂–µ–Ω–∏–µ (—Å—Ç—Ä–∏–º –ñ–º–∏–ª–µ–≤—Å–∫–æ–≥–æ),2019-04-09,9243,367,14
471,IQQr0KvN2bY,"Beyond Good &amp; Evil (—Ç–µ—Å—Ç–æ–≤—ã–π –∏–≥–æ—Ä—Å—Ç—Ä–∏–º –ñ–º–∏–ª–µ–≤—Å–∫–æ–≥–æ), –ø–æ–∑–∂–µ –≤–æ–∑–º–æ–∂–µ–Ω –∏–≥—Ä–æ–≤–æ–π –∞—É–∫",2019-04-06,NULL,NULL,NULL
472,MBqb3jPWJ0w,–°–µ–ø–∞—Ä–∞—Ç–∏–∑–º [–í–µ–±–∏–Ω–∞—Ä –ñ–º–∏–ª–µ–≤—Å–∫–æ–≥–æ],2019-04-05,NULL,NULL,NULL
473,Z7nInTqRgPM,–¢–µ—Ä–∞–∫—Ç –≤ –ù–æ–≤–æ–π –ó–µ–ª–∞–Ω–¥–∏–∏ [–æ–±—Å—É–∂–¥–µ–Ω–∏–µ —Å–æ –ñ–º–∏–ª–µ–≤—Å–∫–∏–º],2019-04-04,2553,97,8
474,P2IOJH3n7Mc,–°–æ–≤–º–µ—Å—Ç–Ω—ã–π —ç—Ñ–∏—Ä —Å –í–∞—Å–∏–ª–æ–º - –ë—É–º–µ—Ä—Å—Ç–≤–æ –≤–æ –≤—Å–µ –ø–æ–ª—è (–ñ–º–∏–ª–µ–≤—Å–∫–∏–π),2019-04-03,8167,314,3
475,OD7KkcO3w5Q,–†—É–∞–Ω–¥–∏–π—Å–∫–∏–π –∫–æ–Ω—Ñ–ª–∏–∫—Ç –≤ –∫–æ–Ω—Ç–µ–∫—Å—Ç–µ –º–µ–∂–¥—É–Ω–∞—Ä–æ–¥–Ω–æ–≥–æ –ø—Ä–∞–≤–∞ (–°—Ç—Ä–∏–º –ñ–º–∏–ª–µ–≤—Å–∫–æ–≥–æ),2019-03-30,3305,171,2
476,QIBh0c5ZgjU,"–û—Å–Ω–æ–≤–Ω—ã–µ –º–æ–º–µ–Ω—Ç—ã —Å–æ —Å—Ç—Ä–∏–º–∞ –ï–∂–∏ –°–∞—Ä–º–∞—Ç–∞ —Å –ú–∞—Ä–≥–∏–Ω–∞–ª–æ–º, –ì—Ä–æ–º–ü–æ, –õ–∏–Ω–∫–æ–º –∏ ITPEDIA (–°—Ç—Ä–∏–º –ñ–º–∏–ª–µ–≤—Å–∫–æ–≥–æ)",2019-03-30,6560,215,5
477,A0SDIzPFF60,Testing-testing (–°—Ç—Ä–∏–º –ñ–º–∏–ª–µ–≤—Å–∫–æ–≥–æ),2019-03-28,NULL,NULL,NULL
478,u2MkvhW3Pq8,–ö—Ä—ã–º 2019 [–í–µ–±–∏–Ω–∞—Ä –ñ–º–∏–ª–µ–≤—Å–∫–æ–≥–æ],2019-03-25,NULL,NULL,NULL
479,5fUUlsdSyv8,–ö—Ä–∏—Ç–∏–∫–∞ –ï–ª—å—Ü–∏–Ω–∞ –∏ —Ä–∞—Å–ø–∞–¥ –°–°–°–† [–í–µ–±–∏–Ω–∞—Ä –ñ–º–∏–ª–µ–≤—Å–∫–æ–≥–æ],2019-03-24,NULL,NULL,NULL
480,dooHSLUZ0SA,(—Å—Ç—Ä–∏–º –±–µ–∑ –º–æ–¥–µ—Ä–∞—Ç–æ—Ä–æ–≤) –ò—Ç–æ–≥–∏ –†–∞—Å—Å–ª–µ–¥–æ–≤–∞–Ω–∏—è –†–æ–±–µ—Ä—Ç–∞ –ú—é–ª–ª–µ—Ä–∞ –≤ –°–®–ê [–ñ–º–∏–ª–µ–≤—Å–∫–∏–π 23/03/19],2019-03-23,4388,160,4
481,HzoW99NdP1Q,–ù—É—Ä—Å—É–ª—Ç–∞–Ω –ù–∞–∑–∞—Ä–±–∞–µ–≤ [–∞–Ω–∞–ª–∏—Ç–∏–∫–∞ –ñ–º–∏–ª–µ–≤—Å–∫–æ–≥–æ 21/03/19],2019-03-21,NULL,NULL,NULL
482,a_nGdiKyKy0,–£–ë–ï–†–ú–ê–†–ì–ò–ù–ê–õ –ò –º–∞—Ç–µ–º–∞—Ç–∏–∫ (–Ω–µ –∫–æ–¥–µ—Ä) –ù–ê –ü–ê–£–ß–ò–¢–ï–õ–¨–ù–´–• –ò–°–¢–û–†–ò–Ø–• (–ü–û–°–õ–ï–î–ù–ò–ô –†–ê–ó),2019-03-14,NULL,NULL,NULL
483,ZkNKubbIsiw,–õ–ê–ú–ü–û–í–´–ô –£–ë–ï–†–ú–ê–†–ì–ò–ù–ê–õ –í –ì–û–°–¢–Ø–• –ù–ê –ü–ê–£–ß–ò–¢–ï–õ–¨–ù–´–• –ò–°–¢–û–†–ò–Ø–•,2019-03-06,NULL,NULL,NULL
484,gsGYKe_heAY,"–ï–ì–û–† –ü–û–ì–†–û–ú, –ì–†–ò–ì–û–†–ò–ô –ë–ê–ñ–ï–ù–û–í –ò –ú–ê–†–ì–û –ù–ê –ü–ê–£–ß–ò–¢–ï–õ–¨–ù–´–• –ò–°–¢–û–†–ò–Ø–•",2019-02-27,NULL,NULL,NULL
485,EUlS4mPTS4A,–ò–ì–û–†–¨ –õ–ò–ù–ö –ò –£–ë–ï–†–ú–ê–†–ì–ò–ù–ê–õ –í –ì–û–°–¢–Ø–• –ù–ê –ü–ê–£–ß–ò–¢–ï–õ–¨–ù–´–• –ò–°–¢–û–†–ò–Ø–•,2019-02-23,NULL,NULL,NULL
486,wKlwtvZ4Glo,–•–†–ò–°–¢–ò–ê–ù–°–ö–ò–ï –î–ï–ë–ê–¢–´ –ù–ê –ü–ê–£–ß–ò–¢–ï–õ–¨–ù–´–• –ò–°–¢–û–†–ò–Ø–•,2019-02-22,38343,1014,93
487,-mTHsVV50Ag,"–í –ì–û–°–¢–Ø–• –ù–ê –ü–ê–£–ß–ò–¢–ï–õ–¨–ù–´–• –ò–°–¢–û–†–ò–Ø–•: –í–ò–ö–¢–û–†–ò–Ø –ú–ï–î–ù–ò–°, –ï–ì–û–† –ü–û–ì–†–û–ú + –£–ë–ï–†–ú–ê–†–ì–ò–ù–ê–õ",2019-02-20,NULL,NULL,NULL
